,0,1
8924,1670253784,0.0
8925,1670253785,0.0
8926,1670253786,0.5001365
8927,1670253787,0.49986349999999996
8928,1670253788,0.0
8929,1670253789,0.0
8930,1670253790,0.0
8931,1670253791,0.0
8932,1670253792,0.0
8933,1670253793,0.0
8934,1670253794,0.0
8935,1670253795,0.0
8936,1670253796,0.0
8937,1670253797,
8938,1670253798,0.0
8939,1670253799,0.0
8940,1670253800,0.0
8941,1670253801,0.0
8942,1670253802,0.0
8943,1670253803,0.0
8944,1670253804,0.0
8945,1670253805,0.0
8946,1670253806,0.0
8947,1670253807,0.0
8948,1670253808,0.0
8949,1670253809,0.0
8950,1670253810,0.0
8951,1670253811,0.0
8952,1670253812,0.0
8953,1670253813,0.0
8954,1670253814,0.0
8955,1670253815,0.0
8956,1670253816,0.0
8957,1670253817,0.0
8958,1670253818,0.0
8959,1670253819,0.0
8960,1670253820,0.0
8961,1670253821,0.0
8962,1670253822,0.0
8963,1670253823,0.0
8964,1670253824,0.0
8965,1670253825,0.0
8966,1670253826,0.0
8967,1670253827,0.0
8968,1670253828,0.0
8969,1670253829,0.0
8970,1670253830,0.0
8971,1670253831,0.0
8972,1670253832,0.0
8973,1670253833,0.0
8974,1670253834,0.0
8975,1670253835,0.0
8976,1670253836,0.0
8977,1670253837,0.0
8978,1670253838,0.0
8979,1670253839,0.0
8980,1670253840,0.0
8981,1670253841,0.0
8982,1670253842,0.0
8983,1670253843,0.0
8984,1670253844,0.0
8985,1670253845,0.0
8986,1670253846,0.0
8987,1670253847,0.0
8988,1670253848,0.0
8989,1670253849,0.0
8990,1670253850,0.0
8991,1670253851,0.0
8992,1670253852,0.0
8993,1670253853,0.0
8994,1670253854,0.0
8995,1670253855,0.0
8996,1670253856,0.0
8997,1670253857,0.0
8998,1670253858,0.0
8999,1670253859,0.0
9000,1670253860,0.0
9001,1670253861,0.0
9002,1670253862,0.0
9003,1670253863,0.49994299999999997
9004,1670253864,0.500057
9005,1670253865,0.0
9006,1670253866,0.0
9007,1670253867,0.0
9008,1670253868,0.0
9009,1670253869,0.0
9010,1670253870,0.0
9011,1670253871,0.0
9012,1670253872,0.0
9013,1670253873,0.0
9014,1670253874,0.0
9015,1670253875,0.0
9016,1670253876,0.0
9017,1670253877,0.0
9018,1670253878,0.0
9019,1670253879,0.0
9020,1670253880,0.0
9021,1670253881,0.0
9022,1670253882,0.0
9023,1670253883,0.0
9024,1670253884,0.0
9025,1670253885,0.0
9026,1670253886,0.0
9027,1670253887,0.0
9028,1670253888,0.0
9029,1670253889,0.0
9030,1670253890,0.0
9031,1670253891,0.49939639999999996
9032,1670253892,0.5006035999999999
9033,1670253893,0.0
9034,1670253894,0.0
9035,1670253895,0.0
9036,1670253896,0.0
9037,1670253897,0.0
9038,1670253898,0.0
9039,1670253899,0.0
9040,1670253900,0.0
9041,1670253901,0.0
9042,1670253902,0.0
9043,1670253903,0.0
9044,1670253904,0.0
9045,1670253905,0.0
9046,1670253906,0.0
9047,1670253907,0.0
9048,1670253908,0.0
9049,1670253909,0.0
9050,1670253910,0.0
9051,1670253911,0.0
9052,1670253912,0.0
9053,1670253913,0.0
9054,1670253914,0.0
9055,1670253915,0.0
9056,1670253916,0.0
9057,1670253917,0.0
9058,1670253918,0.0
9059,1670253919,0.0
9060,1670253920,0.0
9061,1670253921,0.0
9062,1670253922,0.0
9063,1670253923,0.0
9064,1670253924,0.0
9065,1670253925,0.0
9066,1670253926,0.0
9067,1670253927,0.0
9068,1670253928,0.0
9069,1670253929,0.0
9070,1670253930,0.0
9071,1670253931,0.0
9072,1670253932,0.0
9073,1670253933,0.0
9074,1670253934,0.0
9075,1670253935,0.0
9076,1670253936,0.0
9077,1670253937,0.0
9078,1670253938,0.0
9079,1670253939,0.0
9080,1670253940,0.0
9081,1670253941,0.0
9082,1670253942,0.0
9083,1670253943,0.0
9084,1670253944,0.0
9085,1670253945,0.0
9086,1670253946,0.0
9087,1670253947,0.0
9088,1670253948,0.0
9089,1670253949,0.0
9090,1670253950,0.0
9091,1670253951,0.0
9092,1670253952,0.0
9093,1670253953,0.0
9094,1670253954,0.0
9095,1670253955,0.0
9096,1670253956,0.0
9097,1670253957,0.0
9098,1670253958,0.0
9099,1670253959,0.0
9100,1670253960,0.0
9101,1670253961,0.0
9102,1670253962,0.0
9103,1670253963,0.0
9104,1670253964,0.0
9105,1670253965,0.0
9106,1670253966,0.0
9107,1670253967,0.0
9108,1670253968,0.0
9109,1670253969,0.0
9110,1670253970,0.0
9111,1670253971,0.0
9112,1670253972,0.0
9113,1670253973,0.0
9114,1670253974,0.0
9115,1670253975,0.0
9116,1670253976,0.0
9117,1670253977,0.0
9118,1670253978,0.0
9119,1670253979,0.0
9120,1670253980,0.0
9121,1670253981,0.0
9122,1670253982,0.0
9123,1670253983,0.0
9124,1670253984,0.0
9125,1670253985,0.0
9126,1670253986,0.0
9127,1670253987,0.0
9128,1670253988,0.0
9129,1670253989,0.0
9130,1670253990,0.0
9131,1670253991,0.0
9132,1670253992,0.0
9133,1670253993,0.0
9134,1670253994,0.0
9135,1670253995,0.0
9136,1670253996,0.0
9137,1670253997,0.0
9138,1670253998,0.0
9139,1670253999,0.5005352
9140,1670254000,0.4994648
9141,1670254001,0.0
9142,1670254002,0.0
9143,1670254003,0.0
9144,1670254004,0.0
9145,1670254005,0.0
9146,1670254006,0.0
9147,1670254007,0.0
9148,1670254008,0.0
9149,1670254009,0.0
9150,1670254010,0.0
9151,1670254011,0.0
9152,1670254012,0.0
9153,1670254013,0.0
9154,1670254014,0.0
9155,1670254015,0.0
9156,1670254016,0.0
9157,1670254017,0.0
9158,1670254018,0.0
9159,1670254019,0.0
9160,1670254020,0.0
9161,1670254021,0.0
9162,1670254022,0.0
9163,1670254023,0.0
9164,1670254024,0.0
9165,1670254025,0.0
9166,1670254026,0.0
9167,1670254027,0.0
9168,1670254028,0.0
9169,1670254029,0.0
9170,1670254030,0.0
9171,1670254031,0.0
9172,1670254032,0.0
9173,1670254033,0.0
9174,1670254034,0.0
9175,1670254035,0.0
9176,1670254036,0.0
9177,1670254037,0.0
9178,1670254038,0.0
9179,1670254039,0.0
9180,1670254040,0.0
9181,1670254041,0.0
9182,1670254042,0.0
9183,1670254043,0.0
9184,1670254044,0.0
9185,1670254045,0.0
9186,1670254046,0.0
9187,1670254047,0.0
9188,1670254048,0.0
9189,1670254049,0.0
9190,1670254050,0.0
9191,1670254051,0.0
9192,1670254052,0.0
9193,1670254053,0.49965479999999995
9194,1670254054,0.5003451999999999
9195,1670254055,0.0
9196,1670254056,0.0
9197,1670254057,0.0
9198,1670254058,0.0
9199,1670254059,0.0
9200,1670254060,0.0
9201,1670254061,0.0
9202,1670254062,0.0
9203,1670254063,0.0
9204,1670254064,0.0
9205,1670254065,0.0
9206,1670254066,0.0
9207,1670254067,0.0
9208,1670254068,0.0
9209,1670254069,0.0
9210,1670254070,0.0
9211,1670254071,0.0
9212,1670254072,0.0
9213,1670254073,0.0
9214,1670254074,0.0
9215,1670254075,0.0
9216,1670254076,0.0
9217,1670254077,0.0
9218,1670254078,0.0
9219,1670254079,0.0
9220,1670254080,0.0
9221,1670254081,0.0
9222,1670254082,0.0
9223,1670254083,0.0
9224,1670254084,0.0
9225,1670254085,0.0
9226,1670254086,0.0
9227,1670254087,0.0
9228,1670254088,0.0
9229,1670254089,0.0
9230,1670254090,0.0
9231,1670254091,0.0
9232,1670254092,0.0
9233,1670254093,0.0
9234,1670254094,0.0
9235,1670254095,0.0
9236,1670254096,0.0
9237,1670254097,0.0
9238,1670254098,0.0
9239,1670254099,0.0
9240,1670254100,0.0
9241,1670254101,0.0
9242,1670254102,0.0
9243,1670254103,0.0
9244,1670254104,0.0
9245,1670254105,0.0
9246,1670254106,0.0
9247,1670254107,0.0
9248,1670254108,0.0
9249,1670254109,0.0
9250,1670254110,0.0
9251,1670254111,0.0
9252,1670254112,0.0
9253,1670254113,0.0
9254,1670254114,0.0
9255,1670254115,0.0
9256,1670254116,0.0
9257,1670254117,0.0
9258,1670254118,0.0
9259,1670254119,0.0
9260,1670254120,0.0
9261,1670254121,0.0
9262,1670254122,0.0
9263,1670254123,0.0
9264,1670254124,0.0
9265,1670254125,0.0
9266,1670254126,0.0
9267,1670254127,0.0
9268,1670254128,0.0
9269,1670254129,0.0
9270,1670254130,0.0
9271,1670254131,0.0
9272,1670254132,0.0
9273,1670254133,0.0
9274,1670254134,0.0
9275,1670254135,0.0
9276,1670254136,0.0
9277,1670254137,0.0
9278,1670254138,0.0
9279,1670254139,0.0
9280,1670254140,0.0
9281,1670254141,0.0
9282,1670254142,0.0
9283,1670254143,0.0
9284,1670254144,0.0
9285,1670254145,0.0
9286,1670254146,0.0
9287,1670254147,0.0
9288,1670254148,0.0
9289,1670254149,0.0
9290,1670254150,0.0
9291,1670254151,0.0
9292,1670254152,0.0
9293,1670254153,0.0
9294,1670254154,0.0
9295,1670254155,0.0
9296,1670254156,0.0
9297,1670254157,0.0
9298,1670254158,0.0
9299,1670254159,0.0
9300,1670254160,0.0
9301,1670254161,0.0
9302,1670254162,0.0
9303,1670254163,0.0
9304,1670254164,0.0
9305,1670254165,0.0
9306,1670254166,0.0
9307,1670254167,0.0
9308,1670254168,0.0
9309,1670254169,0.0
9310,1670254170,0.0
9311,1670254171,0.0
9312,1670254172,0.0
9313,1670254173,0.0
9314,1670254174,0.0
9315,1670254175,0.0
9316,1670254176,0.0
9317,1670254177,0.0
9318,1670254178,0.0
9319,1670254179,0.0
9320,1670254180,0.0
9321,1670254181,0.0
9322,1670254182,0.0
9323,1670254183,0.0
9324,1670254184,0.0
9325,1670254185,0.0
9326,1670254186,0.0
9327,1670254187,0.0
9328,1670254188,0.0
9329,1670254189,0.0
9330,1670254190,0.0
9331,1670254191,0.0
9332,1670254192,0.0
9333,1670254193,0.0
9334,1670254194,0.0
9335,1670254195,0.0
9336,1670254196,0.0
9337,1670254197,0.0
9338,1670254198,0.0
9339,1670254199,0.0
9340,1670254200,0.0
9341,1670254201,0.0
9342,1670254202,0.0
9343,1670254203,0.0
9344,1670254204,0.0
9345,1670254205,0.0
9346,1670254206,0.0
9347,1670254207,0.0
9348,1670254208,0.0
9349,1670254209,0.0
9350,1670254210,0.0
9351,1670254211,0.0
9352,1670254212,0.0
9353,1670254213,0.0
9354,1670254214,0.0
9355,1670254215,0.0
9356,1670254216,0.0
9357,1670254217,0.0
9358,1670254218,0.0
9359,1670254219,0.0
9360,1670254220,0.0
9361,1670254221,0.0
9362,1670254222,0.0
9363,1670254223,0.0
9364,1670254224,0.0
9365,1670254225,0.0
9366,1670254226,0.0
9367,1670254227,0.0
9368,1670254228,0.0
9369,1670254229,0.0
9370,1670254230,0.0
9371,1670254231,0.0
9372,1670254232,0.0
9373,1670254233,0.0
9374,1670254234,0.0
9375,1670254235,0.0
9376,1670254236,0.0
9377,1670254237,0.0
9378,1670254238,0.0
9379,1670254239,0.0
9380,1670254240,0.0
9381,1670254241,0.0
9382,1670254242,0.0
9383,1670254243,0.0
9384,1670254244,0.0
9385,1670254245,0.0
9386,1670254246,0.0
9387,1670254247,0.0
9388,1670254248,0.0
9389,1670254249,0.0
9390,1670254250,0.0
9391,1670254251,0.0
9392,1670254252,0.0
9393,1670254253,0.0
9394,1670254254,0.0
9395,1670254255,0.0
9396,1670254256,0.0
9397,1670254257,0.0
9398,1670254258,0.0
9399,1670254259,0.0
9400,1670254260,0.0
9401,1670254261,0.0
9402,1670254262,0.0
9403,1670254263,0.0
9404,1670254264,0.0
9405,1670254265,0.0
9406,1670254266,0.0
9407,1670254267,0.0
9408,1670254268,0.0
9409,1670254269,0.0
9410,1670254270,0.0
9411,1670254271,0.0
9412,1670254272,0.0
9413,1670254273,0.0
9414,1670254274,0.0
9415,1670254275,0.0
9416,1670254276,0.0
9417,1670254277,0.0
9418,1670254278,0.0
9419,1670254279,0.0
9420,1670254280,0.0
9421,1670254281,0.0
9422,1670254282,0.0
9423,1670254283,0.0
9424,1670254284,0.0
9425,1670254285,0.0
9426,1670254286,0.0
9427,1670254287,0.0
9428,1670254288,0.0
9429,1670254289,0.0
9430,1670254290,0.0
9431,1670254291,0.0
9432,1670254292,0.0
9433,1670254293,0.0
9434,1670254294,0.0
9435,1670254295,0.0
9436,1670254296,0.0
9437,1670254297,0.0
9438,1670254298,0.0
9439,1670254299,0.0
9440,1670254300,0.0
9441,1670254301,0.0
9442,1670254302,0.5004468
9443,1670254303,0.4995532
9444,1670254304,0.0
9445,1670254305,0.0
9446,1670254306,0.0
9447,1670254307,0.0
9448,1670254308,0.0
9449,1670254309,0.0
9450,1670254310,0.0
9451,1670254311,0.0
9452,1670254312,0.0
9453,1670254313,0.0
9454,1670254314,0.0
9455,1670254315,0.0
9456,1670254316,0.0
9457,1670254317,0.0
9458,1670254318,0.0
9459,1670254319,0.0
9460,1670254320,0.0
9461,1670254321,0.0
9462,1670254322,0.0
9463,1670254323,0.0
9464,1670254324,0.0
9465,1670254325,0.0
9466,1670254326,0.0
9467,1670254327,0.0
9468,1670254328,0.0
9469,1670254329,0.0
9470,1670254330,0.0
9471,1670254331,0.0
9472,1670254332,0.0
9473,1670254333,0.0
9474,1670254334,0.0
9475,1670254335,0.0
9476,1670254336,0.0
9477,1670254337,0.0
9478,1670254338,0.0
9479,1670254339,0.0
9480,1670254340,0.0
9481,1670254341,0.0
9482,1670254342,0.0
9483,1670254343,0.0
9484,1670254344,0.0
9485,1670254345,0.0
9486,1670254346,0.0
9487,1670254347,0.0
9488,1670254348,0.0
9489,1670254349,0.0
9490,1670254350,0.0
9491,1670254351,0.0
9492,1670254352,0.0
9493,1670254353,0.0
9494,1670254354,0.0
9495,1670254355,0.0
9496,1670254356,0.0
9497,1670254357,0.0
9498,1670254358,0.0
9499,1670254359,0.0
9500,1670254360,0.0
9501,1670254361,0.0
9502,1670254362,0.0
9503,1670254363,0.0
9504,1670254364,0.0
9505,1670254365,0.0
9506,1670254366,0.0
9507,1670254367,0.0
9508,1670254368,0.0
9509,1670254369,0.0
9510,1670254370,0.0
9511,1670254371,0.0
9512,1670254372,0.0
9513,1670254373,0.0
9514,1670254374,0.0
9515,1670254375,0.0
9516,1670254376,0.0
9517,1670254377,0.0
9518,1670254378,0.0
9519,1670254379,0.0
9520,1670254380,0.0
9521,1670254381,0.0
9522,1670254382,0.0
9523,1670254383,0.0
9524,1670254384,0.0
9525,1670254385,0.0
9526,1670254386,0.0
9527,1670254387,0.0
9528,1670254388,0.0
9529,1670254389,0.0
9530,1670254390,0.0
9531,1670254391,0.0
9532,1670254392,0.0
9533,1670254393,0.0
9534,1670254394,0.0
9535,1670254395,0.0
9536,1670254396,0.0
9537,1670254397,0.0
9538,1670254398,0.0
9539,1670254399,0.0
9540,1670254400,0.0
9541,1670254401,0.0
9542,1670254402,0.0
9543,1670254403,0.0
9544,1670254404,0.0
9545,1670254405,0.0
9546,1670254406,0.0
9547,1670254407,0.0
9548,1670254408,0.0
9549,1670254409,0.0
9550,1670254410,0.0
9551,1670254411,0.0
9552,1670254412,0.0
9553,1670254413,0.0
9554,1670254414,0.0
9555,1670254415,0.0
9556,1670254416,0.0
9557,1670254417,0.0
9558,1670254418,0.0
9559,1670254419,0.0
9560,1670254420,0.0
9561,1670254421,0.0
9562,1670254422,0.0
9563,1670254423,0.0
9564,1670254424,0.0
9565,1670254425,0.0
9566,1670254426,0.0
9567,1670254427,0.0
9568,1670254428,0.0
9569,1670254429,0.0
9570,1670254430,0.0
9571,1670254431,0.0
9572,1670254432,0.0
9573,1670254433,0.0
9574,1670254434,0.0
9575,1670254435,0.0
9576,1670254436,0.0
9577,1670254437,0.0
9578,1670254438,0.0
9579,1670254439,0.0
9580,1670254440,0.0
9581,1670254441,0.0
9582,1670254442,0.0
9583,1670254443,0.0
9584,1670254444,0.0
9585,1670254445,0.0
9586,1670254446,0.0
9587,1670254447,
9588,1670254448,
9589,1670254449,
9590,1670254450,
9591,1670254451,
9592,1670254452,0.0
9593,1670254453,0.0
9594,1670254454,
9595,1670254455,
9596,1670254456,
9597,1670254457,
9598,1670254458,
9599,1670254459,0.1428543
9600,1670254460,0.1428543
9601,1670254461,0.0
9602,1670254462,0.0
9603,1670254463,0.0
9604,1670254464,0.0
9605,1670254465,0.0
9606,1670254466,0.0
9607,1670254467,0.0
9608,1670254468,0.0
9609,1670254469,0.0
9610,1670254470,0.0
9611,1670254471,0.0
9612,1670254472,0.0
9613,1670254473,0.0
9614,1670254474,0.0
9615,1670254475,0.0
9616,1670254476,0.0
9617,1670254477,0.0
9618,1670254478,0.0
9619,1670254479,0.0
9620,1670254480,0.0
9621,1670254481,0.0
9622,1670254482,0.0
9623,1670254483,0.0
9624,1670254484,0.0
9625,1670254485,0.0
9626,1670254486,0.0
9627,1670254487,0.0
9628,1670254488,0.0
9629,1670254489,0.0
9630,1670254490,0.0
9631,1670254491,0.0
9632,1670254492,0.0
9633,1670254493,0.0
9634,1670254494,0.0
9635,1670254495,0.0
9636,1670254496,0.0
9637,1670254497,0.0
9638,1670254498,0.0
9639,1670254499,0.0
9640,1670254500,0.0
9641,1670254501,0.0
9642,1670254502,0.0
9643,1670254503,0.0
9644,1670254504,0.0
9645,1670254505,0.0
9646,1670254506,0.0
9647,1670254507,0.0
9648,1670254508,0.0
9649,1670254509,0.0
9650,1670254510,0.0
9651,1670254511,0.0
9652,1670254512,0.0
9653,1670254513,0.0
9654,1670254514,0.0
9655,1670254515,0.0
9656,1670254516,0.0
9657,1670254517,0.0
9658,1670254518,0.0
9659,1670254519,0.0
9660,1670254520,0.0
9661,1670254521,0.0
9662,1670254522,0.0
9663,1670254523,0.0
9664,1670254524,0.0
9665,1670254525,0.0
9666,1670254526,0.0
9667,1670254527,0.0
9668,1670254528,0.0
9669,1670254529,0.0
9670,1670254530,0.0
9671,1670254531,0.0
9672,1670254532,0.0
9673,1670254533,0.0
9674,1670254534,0.0
9675,1670254535,0.0
9676,1670254536,0.0
9677,1670254537,0.0
9678,1670254538,0.0
9679,1670254539,0.0
9680,1670254540,0.0
9681,1670254541,0.0
9682,1670254542,0.0
9683,1670254543,0.0
9684,1670254544,0.0
9685,1670254545,0.0
9686,1670254546,0.0
9687,1670254547,0.0
9688,1670254548,0.0
9689,1670254549,0.0
9690,1670254550,0.0
9691,1670254551,0.0
9692,1670254552,0.0
9693,1670254553,0.0
9694,1670254554,0.0
9695,1670254555,0.0
9696,1670254556,0.0
9697,1670254557,0.0
9698,1670254558,0.0
9699,1670254559,0.0
9700,1670254560,0.0
9701,1670254561,0.0
9702,1670254562,0.0
9703,1670254563,0.0
9704,1670254564,0.0
9705,1670254565,0.0
9706,1670254566,0.0
9707,1670254567,0.0
9708,1670254568,0.0
9709,1670254569,0.0
9710,1670254570,0.0
9711,1670254571,0.0
9712,1670254572,0.0
9713,1670254573,0.0
9714,1670254574,0.0
9715,1670254575,0.0
9716,1670254576,0.0
9717,1670254577,0.0
9718,1670254578,0.0
9719,1670254579,0.0
9720,1670254580,0.0
9721,1670254581,0.0
9722,1670254582,0.0
9723,1670254583,0.0
9724,1670254584,0.0
9725,1670254585,0.0
9726,1670254586,0.0
9727,1670254587,0.0
9728,1670254588,0.0
9729,1670254589,0.0
9730,1670254590,0.0
9731,1670254591,0.0
9732,1670254592,0.0
9733,1670254593,0.0
9734,1670254594,0.0
9735,1670254595,0.0
9736,1670254596,0.0
9737,1670254597,0.5007290999999999
9738,1670254598,0.49927089999999996
9739,1670254599,0.0
9740,1670254600,0.0
9741,1670254601,0.0
9742,1670254602,0.0
9743,1670254603,0.0
9744,1670254604,0.0
9745,1670254605,0.0
9746,1670254606,0.0
9747,1670254607,0.0
9748,1670254608,0.0
9749,1670254609,0.0
9750,1670254610,0.0
9751,1670254611,0.0
9752,1670254612,0.0
9753,1670254613,0.0
9754,1670254614,0.0
9755,1670254615,0.0
9756,1670254616,0.0
9757,1670254617,0.0
9758,1670254618,0.0
9759,1670254619,0.0
9760,1670254620,0.0
9761,1670254621,0.0
9762,1670254622,0.0
9763,1670254623,0.0
9764,1670254624,0.0
9765,1670254625,0.0
9766,1670254626,0.0
9767,1670254627,0.0
9768,1670254628,0.0
9769,1670254629,0.0
9770,1670254630,0.0
9771,1670254631,0.0
9772,1670254632,0.0
9773,1670254633,0.0
9774,1670254634,0.0
9775,1670254635,0.0
9776,1670254636,0.0
9777,1670254637,0.0
9778,1670254638,0.0
9779,1670254639,0.0
9780,1670254640,0.0
9781,1670254641,0.0
9782,1670254642,0.0
9783,1670254643,0.0
9784,1670254644,0.0
9785,1670254645,0.0
9786,1670254646,0.0
9787,1670254647,0.0
9788,1670254648,0.0
9789,1670254649,0.0
9790,1670254650,0.0
9791,1670254651,0.0
9792,1670254652,0.0
9793,1670254653,0.0
9794,1670254654,0.0
9795,1670254655,0.0
9796,1670254656,0.0
9797,1670254657,0.0
9798,1670254658,0.0
9799,1670254659,0.0
9800,1670254660,0.0
9801,1670254661,0.0
9802,1670254662,0.0
9803,1670254663,0.0
9804,1670254664,0.0
9805,1670254665,0.0
9806,1670254666,0.0
9807,1670254667,0.0
9808,1670254668,0.0
9809,1670254669,0.0
9810,1670254670,0.0
9811,1670254671,0.0
9812,1670254672,0.0
9813,1670254673,0.0
9814,1670254674,0.0
9815,1670254675,0.49962000000000006
9816,1670254676,0.50038
9817,1670254677,0.0
9818,1670254678,0.0
9819,1670254679,0.0
9820,1670254680,0.0
9821,1670254681,0.0
9822,1670254682,0.0
9823,1670254683,0.0
9824,1670254684,0.0
9825,1670254685,0.0
9826,1670254686,0.0
9827,1670254687,0.0
9828,1670254688,0.0
9829,1670254689,0.0
9830,1670254690,0.0
9831,1670254691,0.0
9832,1670254692,0.0
9833,1670254693,0.0
9834,1670254694,0.0
9835,1670254695,0.0
9836,1670254696,0.0
9837,1670254697,0.0
9838,1670254698,0.0
9839,1670254699,0.0
9840,1670254700,0.0
9841,1670254701,0.0
9842,1670254702,0.0
9843,1670254703,0.0
9844,1670254704,0.0
9845,1670254705,0.0
9846,1670254706,0.0
9847,1670254707,0.0
9848,1670254708,0.500053
9849,1670254709,0.499947
9850,1670254710,0.0
9851,1670254711,0.0
9852,1670254712,0.0
9853,1670254713,0.0
9854,1670254714,0.0
9855,1670254715,0.0
9856,1670254716,0.0
9857,1670254717,0.0
9858,1670254718,0.0
9859,1670254719,0.0
9860,1670254720,0.0
9861,1670254721,0.0
9862,1670254722,0.0
9863,1670254723,0.0
9864,1670254724,0.0
9865,1670254725,0.0
9866,1670254726,0.0
9867,1670254727,0.0
9868,1670254728,0.0
9869,1670254729,0.0
9870,1670254730,0.0
9871,1670254731,0.0
9872,1670254732,0.0
9873,1670254733,0.0
9874,1670254734,0.0
9875,1670254735,0.0
9876,1670254736,0.0
9877,1670254737,0.0
9878,1670254738,0.0
9879,1670254739,0.0
9880,1670254740,0.0
9881,1670254741,0.0
9882,1670254742,0.0
9883,1670254743,0.0
9884,1670254744,0.0
9885,1670254745,0.5005902999999999
9886,1670254746,0.49940969999999996
9887,1670254747,0.0
9888,1670254748,0.0
9889,1670254749,0.0
9890,1670254750,0.0
9891,1670254751,0.0
9892,1670254752,0.0
9893,1670254753,0.0
9894,1670254754,0.0
9895,1670254755,0.0
9896,1670254756,0.0
9897,1670254757,0.0
9898,1670254758,0.0
9899,1670254759,0.0
9900,1670254760,0.0
9901,1670254761,0.0
9902,1670254762,0.0
9903,1670254763,0.0
9904,1670254764,0.0
9905,1670254765,0.0
9906,1670254766,0.0
9907,1670254767,0.0
9908,1670254768,0.0
9909,1670254769,0.0
9910,1670254770,0.0
9911,1670254771,0.0
9912,1670254772,0.0
9913,1670254773,0.0
9914,1670254774,0.0
9915,1670254775,0.0
9916,1670254776,0.0
9917,1670254777,0.0
9918,1670254778,0.0
9919,1670254779,0.0
9920,1670254780,0.0
9921,1670254781,0.5002719
9922,1670254782,0.49972809999999995
9923,1670254783,0.0
9924,1670254784,0.0
9925,1670254785,0.0
9926,1670254786,0.0
9927,1670254787,0.0
9928,1670254788,0.0
9929,1670254789,0.0
9930,1670254790,0.0
9931,1670254791,0.0
9932,1670254792,0.0
9933,1670254793,0.0
9934,1670254794,0.0
9935,1670254795,0.0
9936,1670254796,0.0
9937,1670254797,0.0
9938,1670254798,0.0
9939,1670254799,0.0
9940,1670254800,0.0
9941,1670254801,0.0
9942,1670254802,0.0
9943,1670254803,0.0
9944,1670254804,0.0
9945,1670254805,0.0
9946,1670254806,0.0
9947,1670254807,0.0
9948,1670254808,0.0
9949,1670254809,0.0
9950,1670254810,0.0
9951,1670254811,0.0
9952,1670254812,0.0
9953,1670254813,0.5004242999999999
9954,1670254814,0.49957569999999996
9955,1670254815,0.0
9956,1670254816,0.0
9957,1670254817,0.0
9958,1670254818,0.0
9959,1670254819,0.0
9960,1670254820,0.0
9961,1670254821,0.0
9962,1670254822,0.0
9963,1670254823,0.0
9964,1670254824,0.0
9965,1670254825,0.0
9966,1670254826,0.0
9967,1670254827,0.0
9968,1670254828,0.0
9969,1670254829,0.0
9970,1670254830,0.0
9971,1670254831,0.0
9972,1670254832,0.0
9973,1670254833,0.0
9974,1670254834,0.0
9975,1670254835,0.0
9976,1670254836,0.0
9977,1670254837,0.0
9978,1670254838,0.0
9979,1670254839,0.0
9980,1670254840,0.0
9981,1670254841,0.0
9982,1670254842,0.0
9983,1670254843,0.0
9984,1670254844,0.0
9985,1670254845,0.0
9986,1670254846,0.5007785
9987,1670254847,0.4992215
9988,1670254848,0.0
9989,1670254849,0.0
9990,1670254850,0.0
9991,1670254851,0.0
9992,1670254852,0.0
9993,1670254853,0.0
9994,1670254854,0.0
9995,1670254855,0.0
9996,1670254856,0.0
9997,1670254857,0.0
9998,1670254858,0.0
9999,1670254859,0.0
10000,1670254860,0.0
10001,1670254861,0.0
10002,1670254862,0.0
10003,1670254863,0.0
10004,1670254864,0.0
10005,1670254865,0.0
10006,1670254866,0.0
10007,1670254867,0.0
10008,1670254868,0.0
10009,1670254869,0.0
10010,1670254870,0.0
10011,1670254871,0.0
10012,1670254872,0.0
10013,1670254873,0.0
10014,1670254874,0.0
10015,1670254875,0.0
10016,1670254876,0.0
10017,1670254877,0.0
10018,1670254878,0.0
10019,1670254879,0.5007455
10020,1670254880,0.4992545
10021,1670254881,0.0
10022,1670254882,0.0
10023,1670254883,0.0
10024,1670254884,0.0
10025,1670254885,0.0
10026,1670254886,0.0
10027,1670254887,0.0
10028,1670254888,0.0
10029,1670254889,0.0
10030,1670254890,0.0
10031,1670254891,0.0
10032,1670254892,0.0
10033,1670254893,0.0
10034,1670254894,0.0
10035,1670254895,0.0
10036,1670254896,0.0
10037,1670254897,0.0
10038,1670254898,0.0
10039,1670254899,0.0
10040,1670254900,0.0
10041,1670254901,0.0
10042,1670254902,0.0
10043,1670254903,0.0
10044,1670254904,0.0
10045,1670254905,0.0
10046,1670254906,0.0
10047,1670254907,0.0
10048,1670254908,0.0
10049,1670254909,0.0
10050,1670254910,0.0
10051,1670254911,0.0
10052,1670254912,0.0
10053,1670254913,0.0
10054,1670254914,0.0
10055,1670254915,0.0
10056,1670254916,0.0
10057,1670254917,0.0
10058,1670254918,0.0
10059,1670254919,0.0
10060,1670254920,0.0
10061,1670254921,0.0
10062,1670254922,0.0
10063,1670254923,0.0
10064,1670254924,0.0
10065,1670254925,0.0
10066,1670254926,0.0
10067,1670254927,0.0
10068,1670254928,0.0
10069,1670254929,0.0
10070,1670254930,0.0
10071,1670254931,0.0
10072,1670254932,0.0
10073,1670254933,0.0
10074,1670254934,0.0
10075,1670254935,0.0
10076,1670254936,0.0
10077,1670254937,0.0
10078,1670254938,0.0
10079,1670254939,0.0
10080,1670254940,0.0
10081,1670254941,0.0
10082,1670254942,0.0
10083,1670254943,0.0
10084,1670254944,0.0
10085,1670254945,0.0
10086,1670254946,0.0
10087,1670254947,0.0
10088,1670254948,0.0
10089,1670254949,0.0
10090,1670254950,0.0
10091,1670254951,0.0
10092,1670254952,0.0
10093,1670254953,0.0
10094,1670254954,0.0
10095,1670254955,0.0
10096,1670254956,0.0
10097,1670254957,0.0
10098,1670254958,0.0
10099,1670254959,0.0
10100,1670254960,0.0
10101,1670254961,0.0
10102,1670254962,0.0
10103,1670254963,0.0
10104,1670254964,0.0
10105,1670254965,0.0
10106,1670254966,0.0
10107,1670254967,0.0
10108,1670254968,0.0
10109,1670254969,0.0
10110,1670254970,0.0
10111,1670254971,0.0
10112,1670254972,0.0
10113,1670254973,0.0
10114,1670254974,0.0
10115,1670254975,0.0
10116,1670254976,0.0
10117,1670254977,0.0
10118,1670254978,0.0
10119,1670254979,0.0
10120,1670254980,0.0
10121,1670254981,0.0
10122,1670254982,0.0
10123,1670254983,0.0
10124,1670254984,0.0
10125,1670254985,0.0
10126,1670254986,0.0
10127,1670254987,0.0
10128,1670254988,0.0
10129,1670254989,0.0
10130,1670254990,0.0
10131,1670254991,0.0
10132,1670254992,0.0
10133,1670254993,0.0
10134,1670254994,0.0
10135,1670254995,0.0
10136,1670254996,0.0
10137,1670254997,0.0
10138,1670254998,0.0
10139,1670254999,0.0
10140,1670255000,0.0
10141,1670255001,0.0
10142,1670255002,0.0
10143,1670255003,0.0
10144,1670255004,0.0
10145,1670255005,0.0
10146,1670255006,0.0
10147,1670255007,0.0
10148,1670255008,0.0
10149,1670255009,0.0
10150,1670255010,0.0
10151,1670255011,0.0
10152,1670255012,0.0
10153,1670255013,0.0
10154,1670255014,0.0
10155,1670255015,0.0
10156,1670255016,0.0
10157,1670255017,0.0
10158,1670255018,0.0
10159,1670255019,0.0
10160,1670255020,0.0
10161,1670255021,0.0
10162,1670255022,0.0
10163,1670255023,0.0
10164,1670255024,0.0
10165,1670255025,0.0
10166,1670255026,0.0
10167,1670255027,0.0
10168,1670255028,0.0
10169,1670255029,0.0
10170,1670255030,0.0
10171,1670255031,0.0
10172,1670255032,0.0
10173,1670255033,0.0
10174,1670255034,0.0
10175,1670255035,0.0
10176,1670255036,0.0
10177,1670255037,0.0
10178,1670255038,0.0
10179,1670255039,0.0
10180,1670255040,0.0
10181,1670255041,0.0
10182,1670255042,0.0
10183,1670255043,0.0
10184,1670255044,0.5003786
10185,1670255045,0.4996214
10186,1670255046,0.0
10187,1670255047,0.0
10188,1670255048,0.0
10189,1670255049,0.0
10190,1670255050,0.0
10191,1670255051,0.0
10192,1670255052,0.0
10193,1670255053,0.0
10194,1670255054,0.0
10195,1670255055,0.0
10196,1670255056,0.0
10197,1670255057,0.0
10198,1670255058,0.0
10199,1670255059,0.0
10200,1670255060,0.0
10201,1670255061,0.0
10202,1670255062,0.0
10203,1670255063,0.0
10204,1670255064,0.0
10205,1670255065,0.0
10206,1670255066,0.0
10207,1670255067,0.0
10208,1670255068,0.0
10209,1670255069,0.0
10210,1670255070,0.0
10211,1670255071,0.0
10212,1670255072,0.0
10213,1670255073,0.0
10214,1670255074,0.0
10215,1670255075,0.0
10216,1670255076,0.0
10217,1670255077,0.5008168
10218,1670255078,0.4991832
10219,1670255079,0.0
10220,1670255080,0.0
10221,1670255081,0.0
10222,1670255082,0.0
10223,1670255083,0.0
10224,1670255084,0.0
10225,1670255085,0.0
10226,1670255086,0.0
10227,1670255087,0.0
10228,1670255088,0.0
10229,1670255089,0.0
10230,1670255090,0.0
10231,1670255091,0.0
10232,1670255092,0.0
10233,1670255093,0.0
10234,1670255094,0.0
10235,1670255095,0.0
10236,1670255096,0.0
10237,1670255097,0.0
10238,1670255098,0.0
10239,1670255099,0.0
10240,1670255100,0.0
10241,1670255101,0.0
10242,1670255102,0.0
10243,1670255103,0.0
10244,1670255104,0.0
10245,1670255105,0.0
10246,1670255106,0.0
10247,1670255107,0.0
10248,1670255108,0.0
10249,1670255109,0.0
10250,1670255110,0.0
10251,1670255111,0.0
10252,1670255112,0.0
10253,1670255113,0.0
10254,1670255114,0.0
10255,1670255115,0.0
10256,1670255116,0.0
10257,1670255117,0.0
10258,1670255118,0.0
10259,1670255119,0.0
10260,1670255120,0.0
10261,1670255121,0.0
10262,1670255122,0.0
10263,1670255123,0.0
10264,1670255124,0.0
10265,1670255125,0.0
10266,1670255126,0.0
10267,1670255127,0.0
10268,1670255128,0.0
10269,1670255129,0.0
10270,1670255130,0.0
10271,1670255131,0.4998089
10272,1670255132,0.5001911
10273,1670255133,0.0
10274,1670255134,0.0
10275,1670255135,0.0
10276,1670255136,0.0
10277,1670255137,0.0
10278,1670255138,0.0
10279,1670255139,0.0
10280,1670255140,0.0
10281,1670255141,0.0
10282,1670255142,0.0
10283,1670255143,0.0
10284,1670255144,0.0
10285,1670255145,0.0
10286,1670255146,0.0
10287,1670255147,0.0
10288,1670255148,0.0
10289,1670255149,0.0
10290,1670255150,0.0
10291,1670255151,0.0
10292,1670255152,0.0
10293,1670255153,0.0
10294,1670255154,0.0
10295,1670255155,0.0
10296,1670255156,0.0
10297,1670255157,0.0
10298,1670255158,0.0
10299,1670255159,0.0
10300,1670255160,0.0
10301,1670255161,0.0
10302,1670255162,0.5005589
10303,1670255163,0.49944109999999997
10304,1670255164,0.0
10305,1670255165,0.0
10306,1670255166,0.0
10307,1670255167,0.0
10308,1670255168,0.0
10309,1670255169,0.0
10310,1670255170,0.0
10311,1670255171,0.0
10312,1670255172,0.0
10313,1670255173,0.0
10314,1670255174,0.0
10315,1670255175,0.0
10316,1670255176,0.0
10317,1670255177,0.0
10318,1670255178,0.0
10319,1670255179,0.0
10320,1670255180,0.0
10321,1670255181,0.0
10322,1670255182,0.0
10323,1670255183,0.0
10324,1670255184,0.0
10325,1670255185,0.0
10326,1670255186,0.0
10327,1670255187,0.0
10328,1670255188,0.0
10329,1670255189,0.0
10330,1670255190,0.0
10331,1670255191,0.0
10332,1670255192,0.0
10333,1670255193,0.0
10334,1670255194,0.0
10335,1670255195,0.0
10336,1670255196,0.0
10337,1670255197,0.0
10338,1670255198,0.0
10339,1670255199,0.0
10340,1670255200,0.0
10341,1670255201,0.0
10342,1670255202,0.0
10343,1670255203,0.0
10344,1670255204,0.0
10345,1670255205,0.0
10346,1670255206,0.0
10347,1670255207,0.0
10348,1670255208,0.0
10349,1670255209,0.0
10350,1670255210,0.0
10351,1670255211,0.0
10352,1670255212,0.0
10353,1670255213,0.0
10354,1670255214,0.0
10355,1670255215,0.0
10356,1670255216,0.0
10357,1670255217,0.0
10358,1670255218,0.0
10359,1670255219,0.0
10360,1670255220,0.0
10361,1670255221,0.0
10362,1670255222,0.0
10363,1670255223,0.0
10364,1670255224,0.0
10365,1670255225,0.0
10366,1670255226,0.0
10367,1670255227,0.0
10368,1670255228,0.0
10369,1670255229,0.0
10370,1670255230,0.0
10371,1670255231,0.0
10372,1670255232,0.0
10373,1670255233,0.0
10374,1670255234,0.0
10375,1670255235,0.0
10376,1670255236,0.0
10377,1670255237,0.0
10378,1670255238,0.0
10379,1670255239,0.0
10380,1670255240,0.0
10381,1670255241,0.0
10382,1670255242,0.0
10383,1670255243,0.0
10384,1670255244,0.0
10385,1670255245,0.0
10386,1670255246,0.0
10387,1670255247,0.0
10388,1670255248,0.0
10389,1670255249,0.0
10390,1670255250,0.0
10391,1670255251,0.0
10392,1670255252,0.0
10393,1670255253,0.0
10394,1670255254,0.0
10395,1670255255,0.0
10396,1670255256,0.0
10397,1670255257,0.0
10398,1670255258,0.0
10399,1670255259,0.0
10400,1670255260,0.0
10401,1670255261,0.0
10402,1670255262,0.0
10403,1670255263,0.0
10404,1670255264,0.0
10405,1670255265,0.0
10406,1670255266,0.0
10407,1670255267,0.0
10408,1670255268,0.0
10409,1670255269,0.0
10410,1670255270,0.5007096
10411,1670255271,0.49929039999999997
10412,1670255272,0.0
10413,1670255273,0.0
10414,1670255274,0.0
10415,1670255275,0.0
10416,1670255276,0.0
10417,1670255277,0.0
10418,1670255278,0.0
10419,1670255279,0.0
10420,1670255280,0.0
10421,1670255281,0.0
10422,1670255282,0.0
10423,1670255283,0.0
10424,1670255284,0.0
10425,1670255285,0.0
10426,1670255286,0.0
10427,1670255287,0.0
10428,1670255288,0.0
10429,1670255289,0.0
10430,1670255290,0.0
10431,1670255291,0.0
10432,1670255292,0.0
10433,1670255293,0.0
10434,1670255294,0.0
10435,1670255295,0.0
10436,1670255296,0.0
10437,1670255297,0.0
10438,1670255298,0.0
10439,1670255299,0.0
10440,1670255300,0.0
10441,1670255301,0.5007227
10442,1670255302,0.4992773
10443,1670255303,0.0
10444,1670255304,0.0
10445,1670255305,0.0
10446,1670255306,0.0
10447,1670255307,0.0
10448,1670255308,0.0
10449,1670255309,0.0
10450,1670255310,0.0
10451,1670255311,0.0
10452,1670255312,0.0
10453,1670255313,0.0
10454,1670255314,0.0
10455,1670255315,0.0
10456,1670255316,0.0
10457,1670255317,0.0
10458,1670255318,0.0
10459,1670255319,0.0
10460,1670255320,0.0
10461,1670255321,0.0
10462,1670255322,0.0
10463,1670255323,0.0
10464,1670255324,0.0
10465,1670255325,0.0
10466,1670255326,0.0
10467,1670255327,0.0
10468,1670255328,0.0
10469,1670255329,0.0
10470,1670255330,0.0
10471,1670255331,0.0
10472,1670255332,0.0
10473,1670255333,0.0
10474,1670255334,0.0
10475,1670255335,0.0
10476,1670255336,0.0
10477,1670255337,0.0
10478,1670255338,0.0
10479,1670255339,0.0
10480,1670255340,0.0
10481,1670255341,0.0
10482,1670255342,0.0
10483,1670255343,0.0
10484,1670255344,0.0
10485,1670255345,0.0
10486,1670255346,0.0
10487,1670255347,0.0
10488,1670255348,0.0
10489,1670255349,0.0
10490,1670255350,0.0
10491,1670255351,0.0
10492,1670255352,0.0
10493,1670255353,0.0
10494,1670255354,0.0
10495,1670255355,0.0
10496,1670255356,0.0
10497,1670255357,0.0
10498,1670255358,0.0
10499,1670255359,0.0
10500,1670255360,0.0
10501,1670255361,0.0
10502,1670255362,0.0
10503,1670255363,0.0
10504,1670255364,0.0
10505,1670255365,0.0
10506,1670255366,0.0
10507,1670255367,0.0
10508,1670255368,0.0
10509,1670255369,0.0
10510,1670255370,0.0
10511,1670255371,0.0
10512,1670255372,0.0
10513,1670255373,0.0
10514,1670255374,0.0
10515,1670255375,0.0
10516,1670255376,0.0
10517,1670255377,0.0
10518,1670255378,0.0
10519,1670255379,0.0
10520,1670255380,0.0
10521,1670255381,0.0
10522,1670255382,0.0
10523,1670255383,0.0
10524,1670255384,0.0
10525,1670255385,0.0
10526,1670255386,0.0
10527,1670255387,0.0
10528,1670255388,0.5005381
10529,1670255389,0.49946189999999996
10530,1670255390,0.0
10531,1670255391,0.0
10532,1670255392,0.0
10533,1670255393,0.0
10534,1670255394,0.0
10535,1670255395,0.0
10536,1670255396,0.0
10537,1670255397,0.0
10538,1670255398,0.0
10539,1670255399,0.0
10540,1670255400,0.0
10541,1670255401,0.0
10542,1670255402,0.0
10543,1670255403,0.0
10544,1670255404,0.0
10545,1670255405,0.0
10546,1670255406,0.0
10547,1670255407,0.0
10548,1670255408,0.0
10549,1670255409,0.0
10550,1670255410,0.0
10551,1670255411,0.0
10552,1670255412,0.0
10553,1670255413,0.0
10554,1670255414,0.0
10555,1670255415,0.0
10556,1670255416,0.0
10557,1670255417,0.0
10558,1670255418,0.0
10559,1670255419,0.0
10560,1670255420,0.0
10561,1670255421,0.0
10562,1670255422,0.0
10563,1670255423,0.0
10564,1670255424,0.0
10565,1670255425,0.0
10566,1670255426,0.0
10567,1670255427,0.0
10568,1670255428,0.0
10569,1670255429,0.0
10570,1670255430,0.0
10571,1670255431,0.0
10572,1670255432,0.0
10573,1670255433,0.0
10574,1670255434,0.0
10575,1670255435,0.0
10576,1670255436,0.0
10577,1670255437,0.0
10578,1670255438,0.0
10579,1670255439,0.0
10580,1670255440,0.0
10581,1670255441,0.0
10582,1670255442,0.0
10583,1670255443,0.0
10584,1670255444,0.0
10585,1670255445,0.0
10586,1670255446,0.0
10587,1670255447,0.0
10588,1670255448,0.0
10589,1670255449,0.0
10590,1670255450,0.0
10591,1670255451,0.0
10592,1670255452,0.0
10593,1670255453,0.0
10594,1670255454,0.0
10595,1670255455,0.0
10596,1670255456,0.0
10597,1670255457,0.0
10598,1670255458,0.0
10599,1670255459,0.0
10600,1670255460,0.0
10601,1670255461,0.0
10602,1670255462,0.0
10603,1670255463,0.0
10604,1670255464,0.0
10605,1670255465,0.0
10606,1670255466,0.0
10607,1670255467,0.0
10608,1670255468,0.0
10609,1670255469,0.0
10610,1670255470,0.0
10611,1670255471,0.0
10612,1670255472,0.0
10613,1670255473,0.0
10614,1670255474,0.0
10615,1670255475,0.0
10616,1670255476,0.0
10617,1670255477,0.0
10618,1670255478,0.0
10619,1670255479,0.0
10620,1670255480,0.0
10621,1670255481,0.0
10622,1670255482,0.0
10623,1670255483,0.0
10624,1670255484,0.0
10625,1670255485,0.0
10626,1670255486,0.0
10627,1670255487,0.0
10628,1670255488,0.0
10629,1670255489,0.0
10630,1670255490,0.0
10631,1670255491,0.0
10632,1670255492,0.0
10633,1670255493,0.0
10634,1670255494,0.0
10635,1670255495,0.0
10636,1670255496,0.0
10637,1670255497,0.0
10638,1670255498,0.0
10639,1670255499,0.0
10640,1670255500,0.0
10641,1670255501,0.0
10642,1670255502,0.0
10643,1670255503,0.0
10644,1670255504,0.0
10645,1670255505,0.0
10646,1670255506,0.0
10647,1670255507,0.0
10648,1670255508,0.0
10649,1670255509,0.0
10650,1670255510,0.0
10651,1670255511,0.0
10652,1670255512,0.0
10653,1670255513,0.0
10654,1670255514,0.0
10655,1670255515,0.0
10656,1670255516,0.0
10657,1670255517,0.0
10658,1670255518,0.0
10659,1670255519,0.0
10660,1670255520,0.0
10661,1670255521,0.0
10662,1670255522,0.0
10663,1670255523,0.0
10664,1670255524,0.0
10665,1670255525,0.0
10666,1670255526,0.0
10667,1670255527,0.0
10668,1670255528,0.0
10669,1670255529,0.0
10670,1670255530,0.0
10671,1670255531,0.0
10672,1670255532,0.5011236
10673,1670255533,0.4988764
10674,1670255534,0.0
10675,1670255535,0.0
10676,1670255536,0.0
10677,1670255537,0.0
10678,1670255538,0.0
10679,1670255539,0.0
10680,1670255540,0.0
10681,1670255541,0.0
10682,1670255542,0.0
10683,1670255543,0.0
10684,1670255544,0.0
10685,1670255545,0.0
10686,1670255546,0.0
10687,1670255547,0.0
10688,1670255548,0.0
10689,1670255549,0.0
10690,1670255550,0.0
10691,1670255551,0.0
10692,1670255552,
10693,1670255553,0.0
10694,1670255554,0.0
10695,1670255555,0.0
10696,1670255556,0.0
10697,1670255557,0.0
10698,1670255558,0.0
10699,1670255559,0.0
10700,1670255560,0.0
10701,1670255561,0.0
10702,1670255562,0.0
10703,1670255563,0.0
10704,1670255564,0.0
10705,1670255565,0.0
10706,1670255566,0.0
10707,1670255567,0.0
10708,1670255568,0.0
10709,1670255569,0.0
10710,1670255570,0.5004811
10711,1670255571,0.4995189
10712,1670255572,0.0
10713,1670255573,0.0
10714,1670255574,0.0
10715,1670255575,0.0
10716,1670255576,0.0
10717,1670255577,0.0
10718,1670255578,0.0
10719,1670255579,0.0
10720,1670255580,0.0
10721,1670255581,0.0
10722,1670255582,0.0
10723,1670255583,0.0
10724,1670255584,0.0
10725,1670255585,0.0
10726,1670255586,0.0
10727,1670255587,0.0
10728,1670255588,0.0
10729,1670255589,0.0
10730,1670255590,0.0
10731,1670255591,0.0
10732,1670255592,0.0
10733,1670255593,0.0
10734,1670255594,0.0
10735,1670255595,0.0
10736,1670255596,0.0
10737,1670255597,0.0
10738,1670255598,0.0
10739,1670255599,0.0
10740,1670255600,0.0
10741,1670255601,0.0
10742,1670255602,0.0
10743,1670255603,0.0
10744,1670255604,0.0
10745,1670255605,0.0
10746,1670255606,0.500784
10747,1670255607,0.499216
10748,1670255608,0.0
10749,1670255609,0.0
10750,1670255610,0.0
10751,1670255611,0.0
10752,1670255612,0.0
10753,1670255613,0.0
10754,1670255614,0.0
10755,1670255615,0.0
10756,1670255616,0.0
10757,1670255617,0.0
10758,1670255618,0.0
10759,1670255619,0.0
10760,1670255620,0.0
10761,1670255621,0.0
10762,1670255622,0.0
10763,1670255623,0.0
10764,1670255624,0.0
10765,1670255625,0.0
10766,1670255626,0.0
10767,1670255627,0.0
10768,1670255628,0.0
10769,1670255629,0.0
10770,1670255630,0.0
10771,1670255631,0.0
10772,1670255632,0.0
10773,1670255633,0.0
10774,1670255634,0.0
10775,1670255635,0.0
10776,1670255636,0.0
10777,1670255637,0.0
10778,1670255638,0.0
10779,1670255639,0.0
10780,1670255640,0.0
10781,1670255641,0.0
10782,1670255642,0.0
10783,1670255643,0.5008882
10784,1670255644,0.4991118
10785,1670255645,0.0
10786,1670255646,0.0
10787,1670255647,0.0
10788,1670255648,0.0
10789,1670255649,0.0
10790,1670255650,0.0
10791,1670255651,0.0
10792,1670255652,0.0
10793,1670255653,0.0
10794,1670255654,
10795,1670255655,0.0
10796,1670255656,0.0
10797,1670255657,0.0
10798,1670255658,0.0
10799,1670255659,0.0
10800,1670255660,0.0
10801,1670255661,0.0
10802,1670255662,0.0
10803,1670255663,0.0
10804,1670255664,0.0
10805,1670255665,0.0
10806,1670255666,0.0
10807,1670255667,0.0
10808,1670255668,0.0
10809,1670255669,0.0
10810,1670255670,0.0
10811,1670255671,0.0
10812,1670255672,0.0
10813,1670255673,0.0
10814,1670255674,0.0
10815,1670255675,0.0
10816,1670255676,0.0
10817,1670255677,0.0
10818,1670255678,0.0
10819,1670255679,0.0
10820,1670255680,0.0
10821,1670255681,0.0
10822,1670255682,0.0
10823,1670255683,0.0
10824,1670255684,0.4996018
10825,1670255685,0.5003982
10826,1670255686,0.0
10827,1670255687,0.0
10828,1670255688,0.0
10829,1670255689,0.0
10830,1670255690,0.0
10831,1670255691,0.0
10832,1670255692,0.0
10833,1670255693,0.0
10834,1670255694,0.0
10835,1670255695,0.0
10836,1670255696,0.0
10837,1670255697,0.0
10838,1670255698,0.0
10839,1670255699,0.0
10840,1670255700,0.0
10841,1670255701,0.0
10842,1670255702,0.0
10843,1670255703,0.0
10844,1670255704,0.0
10845,1670255705,0.0
10846,1670255706,0.0
10847,1670255707,0.0
10848,1670255708,0.0
10849,1670255709,0.0
10850,1670255710,0.0
10851,1670255711,0.0
10852,1670255712,0.0
10853,1670255713,0.0
10854,1670255714,0.0
10855,1670255715,0.0
10856,1670255716,0.0
10857,1670255717,0.0
10858,1670255718,0.0
10859,1670255719,0.0
10860,1670255720,0.0
10861,1670255721,0.0
10862,1670255722,0.0
10863,1670255723,0.0
10864,1670255724,0.0
10865,1670255725,0.0
10866,1670255726,0.0
10867,1670255727,0.0
10868,1670255728,0.0
10869,1670255729,0.0
10870,1670255730,0.0
10871,1670255731,0.0
10872,1670255732,0.0
10873,1670255733,0.0
10874,1670255734,0.0
10875,1670255735,0.0
10876,1670255736,0.0
10877,1670255737,0.0
10878,1670255738,0.0
10879,1670255739,0.0
10880,1670255740,0.0
10881,1670255741,0.0
10882,1670255742,0.0
10883,1670255743,0.0
10884,1670255744,0.0
10885,1670255745,0.0
10886,1670255746,0.0
10887,1670255747,0.0
10888,1670255748,0.0
10889,1670255749,0.0
10890,1670255750,0.0
10891,1670255751,0.0
10892,1670255752,0.0
10893,1670255753,0.0
10894,1670255754,0.0
10895,1670255755,0.0
10896,1670255756,0.0
10897,1670255757,0.0
10898,1670255758,0.0
10899,1670255759,0.0
10900,1670255760,0.0
10901,1670255761,0.0
10902,1670255762,0.0
10903,1670255763,0.0
10904,1670255764,0.0
10905,1670255765,0.0
10906,1670255766,0.0
10907,1670255767,0.0
10908,1670255768,0.0
10909,1670255769,0.0
10910,1670255770,0.0
10911,1670255771,0.0
10912,1670255772,0.0
10913,1670255773,0.0
10914,1670255774,0.0
10915,1670255775,0.0
10916,1670255776,0.0
10917,1670255777,0.0
10918,1670255778,0.0
10919,1670255779,0.0
10920,1670255780,0.0
10921,1670255781,0.0
10922,1670255782,0.0
10923,1670255783,0.0
10924,1670255784,0.0
10925,1670255785,0.0
10926,1670255786,0.0
10927,1670255787,0.0
10928,1670255788,0.0
10929,1670255789,0.0
10930,1670255790,0.0
10931,1670255791,0.0
10932,1670255792,0.0
10933,1670255793,0.0
10934,1670255794,0.0
10935,1670255795,0.0
10936,1670255796,0.0
10937,1670255797,0.0
10938,1670255798,0.0
10939,1670255799,0.0
10940,1670255800,0.0
10941,1670255801,0.0
10942,1670255802,0.0
10943,1670255803,0.0
10944,1670255804,0.0
10945,1670255805,0.0
10946,1670255806,0.0
10947,1670255807,0.0
10948,1670255808,0.0
10949,1670255809,0.0
10950,1670255810,0.0
10951,1670255811,0.0
10952,1670255812,0.0
10953,1670255813,0.0
10954,1670255814,0.0
10955,1670255815,0.0
10956,1670255816,0.0
10957,1670255817,0.0
10958,1670255818,0.0
10959,1670255819,0.0
10960,1670255820,0.0
10961,1670255821,0.0
10962,1670255822,0.0
10963,1670255823,0.0
10964,1670255824,0.0
10965,1670255825,0.0
10966,1670255826,0.0
10967,1670255827,0.0
10968,1670255828,0.0
10969,1670255829,0.0
10970,1670255830,0.0
10971,1670255831,0.0
10972,1670255832,0.0
10973,1670255833,0.0
10974,1670255834,0.0
10975,1670255835,0.0
10976,1670255836,0.0
10977,1670255837,0.0
10978,1670255838,0.0
10979,1670255839,0.0
10980,1670255840,0.0
10981,1670255841,0.0
10982,1670255842,0.0
10983,1670255843,0.0
10984,1670255844,0.0
10985,1670255845,0.0
10986,1670255846,0.0
10987,1670255847,0.0
10988,1670255848,0.0
10989,1670255849,0.0
10990,1670255850,0.0
10991,1670255851,0.0
10992,1670255852,0.0
10993,1670255853,0.0
10994,1670255854,0.0
10995,1670255855,0.0
10996,1670255856,0.0
10997,1670255857,0.0
10998,1670255858,0.0
10999,1670255859,0.0
11000,1670255860,0.0
11001,1670255861,0.0
11002,1670255862,0.0
11003,1670255863,0.0
11004,1670255864,0.0
11005,1670255865,0.0
11006,1670255866,0.0
11007,1670255867,0.0
11008,1670255868,0.0
11009,1670255869,0.0
11010,1670255870,0.0
11011,1670255871,0.0
11012,1670255872,0.0
11013,1670255873,0.0
11014,1670255874,0.0
11015,1670255875,0.0
11016,1670255876,0.0
11017,1670255877,0.0
11018,1670255878,0.0
11019,1670255879,0.49971699999999997
11020,1670255880,0.5002829999999999
11021,1670255881,0.0
11022,1670255882,0.0
11023,1670255883,0.0
11024,1670255884,0.0
11025,1670255885,0.0
11026,1670255886,0.0
11027,1670255887,0.0
11028,1670255888,0.0
11029,1670255889,0.0
11030,1670255890,0.0
11031,1670255891,0.0
11032,1670255892,0.0
11033,1670255893,0.0
11034,1670255894,0.0
11035,1670255895,0.0
11036,1670255896,0.0
11037,1670255897,0.0
11038,1670255898,0.0
11039,1670255899,0.0
11040,1670255900,0.0
11041,1670255901,0.0
11042,1670255902,0.0
11043,1670255903,0.0
11044,1670255904,0.0
11045,1670255905,0.0
11046,1670255906,0.0
11047,1670255907,0.0
11048,1670255908,0.0
11049,1670255909,0.0
11050,1670255910,0.0
11051,1670255911,0.0
11052,1670255912,0.0
11053,1670255913,0.0
11054,1670255914,0.0
11055,1670255915,0.0
11056,1670255916,0.0
11057,1670255917,0.4958709
11058,1670255918,0.5041291
11059,1670255919,0.0
11060,1670255920,0.0
11061,1670255921,0.0
11062,1670255922,0.0
11063,1670255923,0.0
11064,1670255924,0.0
11065,1670255925,0.0
11066,1670255926,0.0
11067,1670255927,0.0
11068,1670255928,0.0
11069,1670255929,0.0
11070,1670255930,0.0
11071,1670255931,0.0
11072,1670255932,0.0
11073,1670255933,0.0
11074,1670255934,0.0
11075,1670255935,0.0
11076,1670255936,0.0
11077,1670255937,
11078,1670255938,
11079,1670255939,
11080,1670255940,
11081,1670255941,0.0
11082,1670255942,0.0
11083,1670255943,
11084,1670255944,0.0
11085,1670255945,0.0
11086,1670255946,0.0
11087,1670255947,0.0
11088,1670255948,0.0
11089,1670255949,0.0
11090,1670255950,0.0
11091,1670255951,0.0
11092,1670255952,0.0
11093,1670255953,0.0
11094,1670255954,0.0
11095,1670255955,0.0
11096,1670255956,0.0
11097,1670255957,0.5000856
11098,1670255958,0.4999144
11099,1670255959,0.0
11100,1670255960,0.0
11101,1670255961,0.0
11102,1670255962,0.0
11103,1670255963,0.0
11104,1670255964,0.0
11105,1670255965,0.0
11106,1670255966,0.0
11107,1670255967,0.0
11108,1670255968,0.0
11109,1670255969,0.0
11110,1670255970,0.0
11111,1670255971,0.0
11112,1670255972,0.0
11113,1670255973,0.0
11114,1670255974,0.0
11115,1670255975,0.0
11116,1670255976,0.0
11117,1670255977,0.0
11118,1670255978,0.0
11119,1670255979,0.0
11120,1670255980,0.0
11121,1670255981,0.0
11122,1670255982,0.0
11123,1670255983,0.0
11124,1670255984,0.0
11125,1670255985,0.0
11126,1670255986,0.0
11127,1670255987,0.0
11128,1670255988,0.0
11129,1670255989,0.0
11130,1670255990,0.0
11131,1670255991,0.0
11132,1670255992,0.0
11133,1670255993,0.0
11134,1670255994,0.5000455
11135,1670255995,0.49995449999999997
11136,1670255996,0.0
11137,1670255997,0.0
11138,1670255998,0.0
11139,1670255999,0.0
11140,1670256000,0.0
11141,1670256001,
11142,1670256002,
11143,1670256003,
11144,1670256004,
11145,1670256005,0.0
11146,1670256006,0.0
11147,1670256007,0.0
11148,1670256008,0.0
11149,1670256009,0.0
11150,1670256010,0.0
11151,1670256011,
11152,1670256012,
11153,1670256013,
11154,1670256014,
11155,1670256015,0.0
11156,1670256016,0.0
11157,1670256017,0.0
11158,1670256018,0.0
11159,1670256019,0.0
11160,1670256020,0.0
11161,1670256021,0.0
11162,1670256022,0.0
11163,1670256023,0.0
11164,1670256024,0.0
11165,1670256025,0.0
11166,1670256026,0.0
11167,1670256027,0.0
11168,1670256028,0.0
11169,1670256029,0.0
11170,1670256030,0.0
11171,1670256031,0.0
11172,1670256032,0.0
11173,1670256033,0.0
11174,1670256034,0.0
11175,1670256035,0.0
11176,1670256036,0.0
11177,1670256037,0.0
11178,1670256038,0.0
11179,1670256039,0.0
11180,1670256040,0.0
11181,1670256041,0.0
11182,1670256042,0.0
11183,1670256043,0.0
11184,1670256044,0.0
11185,1670256045,0.0
11186,1670256046,0.0
11187,1670256047,0.0
11188,1670256048,0.0
11189,1670256049,0.0
11190,1670256050,0.0
11191,1670256051,0.0
11192,1670256052,0.0
11193,1670256053,0.0
11194,1670256054,0.0
11195,1670256055,0.0
11196,1670256056,0.0
11197,1670256057,0.0
11198,1670256058,0.0
11199,1670256059,0.0
11200,1670256060,0.0
11201,1670256061,0.0
11202,1670256062,0.0
11203,1670256063,0.0
11204,1670256064,0.0
11205,1670256065,0.0
11206,1670256066,0.0
11207,1670256067,0.0
11208,1670256068,0.0
11209,1670256069,0.0
11210,1670256070,0.0
11211,1670256071,0.0
11212,1670256072,0.0
11213,1670256073,0.0
11214,1670256074,0.0
11215,1670256075,0.0
11216,1670256076,0.0
11217,1670256077,0.0
11218,1670256078,0.0
11219,1670256079,0.0
11220,1670256080,0.0
11221,1670256081,0.0
11222,1670256082,0.0
11223,1670256083,0.0
11224,1670256084,0.0
11225,1670256085,0.0
11226,1670256086,0.0
11227,1670256087,0.0
11228,1670256088,0.0
11229,1670256089,0.0
11230,1670256090,0.0
11231,1670256091,0.0
11232,1670256092,0.0
11233,1670256093,0.0
11234,1670256094,0.0
11235,1670256095,0.0
11236,1670256096,0.0
11237,1670256097,0.0
11238,1670256098,0.0
11239,1670256099,0.0
11240,1670256100,0.0
11241,1670256101,0.0
11242,1670256102,0.0
11243,1670256103,0.0
11244,1670256104,0.0
11245,1670256105,0.0
11246,1670256106,0.0
11247,1670256107,0.0
11248,1670256108,0.0
11249,1670256109,0.0
11250,1670256110,0.0
11251,1670256111,0.0
11252,1670256112,0.0
11253,1670256113,0.0
11254,1670256114,0.0
11255,1670256115,0.0
11256,1670256116,0.0
11257,1670256117,0.0
11258,1670256118,0.0
11259,1670256119,0.0
11260,1670256120,0.0
11261,1670256121,0.0
11262,1670256122,0.0
11263,1670256123,0.0
11264,1670256124,0.0
11265,1670256125,0.0
11266,1670256126,0.0
11267,1670256127,0.0
11268,1670256128,0.0
11269,1670256129,0.0
11270,1670256130,0.0
11271,1670256131,0.0
11272,1670256132,0.0
11273,1670256133,0.0
11274,1670256134,0.0
11275,1670256135,0.0
11276,1670256136,0.0
11277,1670256137,0.0
11278,1670256138,0.0
11279,1670256139,0.0
11280,1670256140,0.0
11281,1670256141,0.0
11282,1670256142,0.0
11283,1670256143,0.0
11284,1670256144,0.0
11285,1670256145,0.0
11286,1670256146,0.0
11287,1670256147,0.0
11288,1670256148,0.0
11289,1670256149,0.0
11290,1670256150,0.0
11291,1670256151,0.0
11292,1670256152,0.0
11293,1670256153,0.0
11294,1670256154,0.9788682
11295,1670256155,0.0211318
11296,1670256156,0.0
11297,1670256157,0.0
11298,1670256158,0.0
11299,1670256159,0.0
11300,1670256160,0.0
11301,1670256161,0.0
11302,1670256162,0.0
11303,1670256163,0.0
11304,1670256164,0.0
11305,1670256165,0.0
11306,1670256166,
11307,1670256167,
11308,1670256168,
11309,1670256169,
11310,1670256170,0.0
11311,1670256171,0.0
11312,1670256172,
11313,1670256173,
11314,1670256174,
11315,1670256175,
11316,1670256176,0.0
11317,1670256177,0.0
11318,1670256178,0.0
11319,1670256179,0.0
11320,1670256180,0.0
11321,1670256181,0.0
11322,1670256182,0.0
11323,1670256183,0.0
11324,1670256184,0.0
11325,1670256185,0.0
11326,1670256186,0.0
11327,1670256187,0.0
11328,1670256188,0.0
11329,1670256189,0.0
11330,1670256190,0.0
11331,1670256191,0.0
11332,1670256192,0.0
11333,1670256193,0.0
11334,1670256194,
11335,1670256195,
11336,1670256196,
11337,1670256197,
11338,1670256198,
11339,1670256199,0.1526254
11340,1670256200,0.1526254
11341,1670256201,0.0075775
11342,1670256202,0.0
11343,1670256203,0.0
11344,1670256204,0.0
11345,1670256205,0.0
11346,1670256206,0.0
11347,1670256207,0.0
11348,1670256208,0.0
11349,1670256209,0.0
11350,1670256210,0.0
11351,1670256211,0.0
11352,1670256212,0.0
11353,1670256213,0.0
11354,1670256214,0.0
11355,1670256215,0.0
11356,1670256216,0.0
11357,1670256217,0.0
11358,1670256218,0.0
11359,1670256219,0.0
11360,1670256220,0.0
11361,1670256221,0.0
11362,1670256222,0.0
11363,1670256223,0.0
11364,1670256224,0.0
11365,1670256225,0.0
11366,1670256226,0.0
11367,1670256227,0.0
11368,1670256228,0.0
11369,1670256229,0.0
11370,1670256230,0.0
11371,1670256231,0.0
11372,1670256232,0.0
11373,1670256233,0.0
11374,1670256234,0.0
11375,1670256235,0.0
11376,1670256236,0.0
11377,1670256237,0.0
11378,1670256238,0.0
11379,1670256239,0.0
11380,1670256240,0.0
11381,1670256241,0.0
11382,1670256242,0.0
11383,1670256243,0.0
11384,1670256244,0.0
11385,1670256245,0.0
11386,1670256246,0.0
11387,1670256247,0.0
11388,1670256248,0.0
11389,1670256249,0.0
11390,1670256250,0.0
11391,1670256251,0.0
11392,1670256252,0.0
11393,1670256253,0.0
11394,1670256254,0.0
11395,1670256255,0.0
11396,1670256256,0.9506766
11397,1670256257,0.049323399999999996
11398,1670256258,0.0
11399,1670256259,0.0
11400,1670256260,0.0
11401,1670256261,0.0
11402,1670256262,0.0
11403,1670256263,0.0
11404,1670256264,0.0
11405,1670256265,0.0
11406,1670256266,0.0
11407,1670256267,0.0
11408,1670256268,0.0
11409,1670256269,0.0
11410,1670256270,0.0
11411,1670256271,0.0
11412,1670256272,0.0
11413,1670256273,0.0
11414,1670256274,0.0
11415,1670256275,0.0
11416,1670256276,0.0
11417,1670256277,0.0
11418,1670256278,0.0
11419,1670256279,0.0
11420,1670256280,0.0
11421,1670256281,0.0
11422,1670256282,0.0
11423,1670256283,0.0
11424,1670256284,0.0
11425,1670256285,0.0
11426,1670256286,0.0
11427,1670256287,0.0
11428,1670256288,0.0
11429,1670256289,0.0
11430,1670256290,0.0
11431,1670256291,0.0
11432,1670256292,0.9504328999999999
11433,1670256293,0.049567099999999996
11434,1670256294,0.0
11435,1670256295,0.0
11436,1670256296,0.0
11437,1670256297,0.0
11438,1670256298,0.0
11439,1670256299,0.0
11440,1670256300,0.0
11441,1670256301,0.0
11442,1670256302,0.0
11443,1670256303,0.0
11444,1670256304,0.0
11445,1670256305,0.0
11446,1670256306,0.0
11447,1670256307,0.0
11448,1670256308,0.0
11449,1670256309,0.0
11450,1670256310,0.0
11451,1670256311,0.0
11452,1670256312,0.0
11453,1670256313,0.0
11454,1670256314,0.0
11455,1670256315,0.0
11456,1670256316,0.0
11457,1670256317,0.0
11458,1670256318,0.0
11459,1670256319,0.0
11460,1670256320,0.0
11461,1670256321,0.0
11462,1670256322,0.0
11463,1670256323,0.0
11464,1670256324,0.0
11465,1670256325,0.0
11466,1670256326,0.0
11467,1670256327,0.0
11468,1670256328,0.0
11469,1670256329,0.0
11470,1670256330,0.0
11471,1670256331,0.0
11472,1670256332,0.0
11473,1670256333,0.0
11474,1670256334,0.0
11475,1670256335,0.0
11476,1670256336,0.0
11477,1670256337,0.0
11478,1670256338,0.0
11479,1670256339,0.0
11480,1670256340,0.0
11481,1670256341,0.0
11482,1670256342,0.0
11483,1670256343,0.0
11484,1670256344,0.0
11485,1670256345,0.0
11486,1670256346,0.0
11487,1670256347,0.0
11488,1670256348,0.0
11489,1670256349,0.0
11490,1670256350,0.0
11491,1670256351,0.0
11492,1670256352,0.0
11493,1670256353,0.0
11494,1670256354,0.0
11495,1670256355,0.0
11496,1670256356,0.0
11497,1670256357,0.0
11498,1670256358,0.0
11499,1670256359,0.0
11500,1670256360,0.0
11501,1670256361,0.0
11502,1670256362,0.0
11503,1670256363,0.0
11504,1670256364,0.0
11505,1670256365,0.0
11506,1670256366,0.0
11507,1670256367,0.0
11508,1670256368,0.0
11509,1670256369,0.0
11510,1670256370,0.0
11511,1670256371,0.0
11512,1670256372,0.0
11513,1670256373,0.0
11514,1670256374,0.0
11515,1670256375,0.0
11516,1670256376,0.0
11517,1670256377,0.0
11518,1670256378,0.0
11519,1670256379,0.0
11520,1670256380,0.0
11521,1670256381,0.0
11522,1670256382,0.0
11523,1670256383,0.0
11524,1670256384,0.0
11525,1670256385,0.0
11526,1670256386,0.0
11527,1670256387,0.0
11528,1670256388,0.0
11529,1670256389,0.0
11530,1670256390,0.0
11531,1670256391,0.0
11532,1670256392,0.0
11533,1670256393,0.0
11534,1670256394,0.0
11535,1670256395,0.0
11536,1670256396,0.0
11537,1670256397,0.0
11538,1670256398,0.0
11539,1670256399,0.0
11540,1670256400,0.0
11541,1670256401,0.0
11542,1670256402,0.0
11543,1670256403,0.0
11544,1670256404,0.0
11545,1670256405,0.0
11546,1670256406,0.0
11547,1670256407,0.0
11548,1670256408,0.0
11549,1670256409,0.0
11550,1670256410,0.0
11551,1670256411,0.0
11552,1670256412,0.0
11553,1670256413,0.0
11554,1670256414,0.0
11555,1670256415,0.0
11556,1670256416,0.0
11557,1670256417,0.0
11558,1670256418,0.0
11559,1670256419,0.0
11560,1670256420,0.0
11561,1670256421,0.0
11562,1670256422,0.0
11563,1670256423,0.0
11564,1670256424,0.0
11565,1670256425,0.0
11566,1670256426,0.0
11567,1670256427,0.0
11568,1670256428,0.0
11569,1670256429,0.0
11570,1670256430,0.0
11571,1670256431,0.0
11572,1670256432,0.0
11573,1670256433,0.0
11574,1670256434,0.0
11575,1670256435,0.9512948
11576,1670256436,0.0487052
11577,1670256437,0.0
11578,1670256438,0.0
11579,1670256439,0.0
11580,1670256440,0.0
11581,1670256441,0.0
11582,1670256442,0.0
11583,1670256443,0.0
11584,1670256444,0.0
11585,1670256445,0.0
11586,1670256446,0.0
11587,1670256447,0.0
11588,1670256448,0.0
11589,1670256449,0.0
11590,1670256450,0.0
11591,1670256451,0.0
11592,1670256452,0.0
11593,1670256453,0.0
11594,1670256454,0.0
11595,1670256455,0.0
11596,1670256456,0.0
11597,1670256457,0.0
11598,1670256458,0.0
11599,1670256459,0.0
11600,1670256460,0.0
11601,1670256461,0.0
11602,1670256462,0.0
11603,1670256463,0.0
11604,1670256464,0.0
11605,1670256465,0.0
11606,1670256466,0.0
11607,1670256467,0.0
11608,1670256468,0.0
11609,1670256469,0.0
11610,1670256470,0.0
11611,1670256471,0.0
11612,1670256472,0.0
11613,1670256473,0.0
11614,1670256474,0.0
11615,1670256475,0.0
11616,1670256476,0.0
11617,1670256477,0.0
11618,1670256478,0.0
11619,1670256479,0.0
11620,1670256480,0.0
11621,1670256481,0.0
11622,1670256482,0.0
11623,1670256483,0.0
11624,1670256484,0.0
11625,1670256485,0.0
11626,1670256486,0.0
11627,1670256487,0.0
11628,1670256488,0.0
11629,1670256489,0.951662
11630,1670256490,0.048338
11631,1670256491,0.0
11632,1670256492,0.0
11633,1670256493,0.0
11634,1670256494,0.0
11635,1670256495,0.0
11636,1670256496,0.0
11637,1670256497,0.0
11638,1670256498,0.0
11639,1670256499,0.0
11640,1670256500,0.0
11641,1670256501,0.0
11642,1670256502,0.0
11643,1670256503,0.0
11644,1670256504,0.0
11645,1670256505,0.0
11646,1670256506,
11647,1670256507,0.0
11648,1670256508,0.0
11649,1670256509,0.0
11650,1670256510,0.0
11651,1670256511,0.0
11652,1670256512,0.0
11653,1670256513,0.0
11654,1670256514,0.0
11655,1670256515,0.0
11656,1670256516,0.0
11657,1670256517,0.0
11658,1670256518,0.0
11659,1670256519,0.0
11660,1670256520,0.0
11661,1670256521,0.0
11662,1670256522,0.0
11663,1670256523,0.0
11664,1670256524,0.0
11665,1670256525,0.0
11666,1670256526,0.0
11667,1670256527,0.9516541
11668,1670256528,0.0483459
11669,1670256529,0.0
11670,1670256530,0.0
11671,1670256531,0.0
11672,1670256532,0.0
11673,1670256533,0.0
11674,1670256534,0.0
11675,1670256535,0.0
11676,1670256536,0.0
11677,1670256537,0.0
11678,1670256538,0.0
11679,1670256539,0.0
11680,1670256540,0.0
11681,1670256541,0.0
11682,1670256542,0.0
11683,1670256543,0.0
11684,1670256544,0.0
11685,1670256545,0.0
11686,1670256546,0.0
11687,1670256547,
11688,1670256548,
11689,1670256549,
11690,1670256550,0.0
11691,1670256551,0.0
11692,1670256552,0.0
11693,1670256553,0.4998775
11694,1670256554,0.5001225
11695,1670256555,0.0
11696,1670256556,0.0
11697,1670256557,0.0
11698,1670256558,0.0
11699,1670256559,0.0
11700,1670256560,0.0
11701,1670256561,0.0
11702,1670256562,0.0
11703,1670256563,0.0
11704,1670256564,0.0
11705,1670256565,0.0
11706,1670256566,0.0
11707,1670256567,0.0
11708,1670256568,0.0
11709,1670256569,0.0
11710,1670256570,0.0
11711,1670256571,0.0
11712,1670256572,0.0
11713,1670256573,0.0
11714,1670256574,0.0
11715,1670256575,0.0
11716,1670256576,0.0
11717,1670256577,0.0
11718,1670256578,0.0
11719,1670256579,0.0
11720,1670256580,0.0
11721,1670256581,0.0
11722,1670256582,0.0
11723,1670256583,0.0
11724,1670256584,0.0
11725,1670256585,0.0
11726,1670256586,0.0
11727,1670256587,0.0
11728,1670256588,0.0
11729,1670256589,0.4995126
11730,1670256590,0.5004874
11731,1670256591,0.0
11732,1670256592,0.0
11733,1670256593,0.0
11734,1670256594,0.0
11735,1670256595,0.0
11736,1670256596,0.0
11737,1670256597,0.0
11738,1670256598,0.0
11739,1670256599,0.0
11740,1670256600,0.0
11741,1670256601,0.0
11742,1670256602,0.0
11743,1670256603,0.0
11744,1670256604,0.0
11745,1670256605,0.0
11746,1670256606,0.0
11747,1670256607,0.0
11748,1670256608,0.0
11749,1670256609,0.0
11750,1670256610,0.0
11751,1670256611,0.0
11752,1670256612,0.0
11753,1670256613,0.0
11754,1670256614,0.0
11755,1670256615,0.0
11756,1670256616,0.0
11757,1670256617,0.0
11758,1670256618,0.0
11759,1670256619,0.0
11760,1670256620,0.0
11761,1670256621,0.0
11762,1670256622,0.0
11763,1670256623,0.0
11764,1670256624,0.0
11765,1670256625,0.0
11766,1670256626,0.0
11767,1670256627,0.0
11768,1670256628,0.0
11769,1670256629,0.0
11770,1670256630,0.0
11771,1670256631,0.0
11772,1670256632,0.0
11773,1670256633,0.0
11774,1670256634,0.0
11775,1670256635,0.0
11776,1670256636,0.0
11777,1670256637,0.0
11778,1670256638,0.0
11779,1670256639,0.0
11780,1670256640,0.0
11781,1670256641,0.0
11782,1670256642,0.0
11783,1670256643,0.0
11784,1670256644,0.0
11785,1670256645,0.0
11786,1670256646,0.4992586
11787,1670256647,0.5007414
11788,1670256648,0.0
11789,1670256649,0.0
11790,1670256650,0.0
11791,1670256651,0.0
11792,1670256652,0.0
11793,1670256653,0.0
11794,1670256654,0.0
11795,1670256655,0.0
11796,1670256656,0.0
11797,1670256657,0.0
11798,1670256658,0.0
11799,1670256659,0.0
11800,1670256660,0.0
11801,1670256661,0.0
11802,1670256662,0.0
11803,1670256663,0.0
11804,1670256664,0.0
11805,1670256665,0.0
11806,1670256666,
11807,1670256667,
11808,1670256668,
11809,1670256669,
11810,1670256670,
11811,1670256671,
11812,1670256672,
11813,1670256673,
11814,1670256674,
11815,1670256675,
11816,1670256676,
11817,1670256677,0.0
11818,1670256678,0.0
11819,1670256679,0.0
11820,1670256680,0.0
11821,1670256681,0.0
11822,1670256682,0.0
11823,1670256683,0.0
11824,1670256684,0.0
11825,1670256685,0.0
11826,1670256686,0.0
11827,1670256687,0.9803373
11828,1670256688,0.019662699999999998
11829,1670256689,0.0
11830,1670256690,0.0
11831,1670256691,0.0
11832,1670256692,0.0
11833,1670256693,0.0
11834,1670256694,0.0
11835,1670256695,0.0
11836,1670256696,0.0
11837,1670256697,0.0
11838,1670256698,0.0
11839,1670256699,0.0
11840,1670256700,0.0
11841,1670256701,0.0
11842,1670256702,0.0
11843,1670256703,0.0
11844,1670256704,0.0
11845,1670256705,0.0
11846,1670256706,0.0
11847,1670256707,0.0
11848,1670256708,0.0
11849,1670256709,0.0
11850,1670256710,0.0
11851,1670256711,0.0
11852,1670256712,0.0
11853,1670256713,0.0
11854,1670256714,0.0
11855,1670256715,0.0
11856,1670256716,0.0
11857,1670256717,0.0
11858,1670256718,0.0
11859,1670256719,0.0
11860,1670256720,0.0
11861,1670256721,0.0
11862,1670256722,0.0
11863,1670256723,0.0
11864,1670256724,0.0
11865,1670256725,0.0
11866,1670256726,0.0
11867,1670256727,0.0
11868,1670256728,0.0
11869,1670256729,0.0
11870,1670256730,0.0
11871,1670256731,0.0
11872,1670256732,0.0
11873,1670256733,0.0
11874,1670256734,0.0
11875,1670256735,0.0
11876,1670256736,0.0
11877,1670256737,0.0
11878,1670256738,0.0
11879,1670256739,0.0
11880,1670256740,0.0
11881,1670256741,0.9801514
11882,1670256742,0.019848599999999997
11883,1670256743,0.0
11884,1670256744,0.0
11885,1670256745,0.0
11886,1670256746,0.0
11887,1670256747,0.0
11888,1670256748,0.0
11889,1670256749,0.0
11890,1670256750,0.0
11891,1670256751,0.0
11892,1670256752,0.0
11893,1670256753,0.0
11894,1670256754,0.0
11895,1670256755,0.0
11896,1670256756,0.0
11897,1670256757,0.0
11898,1670256758,0.0
11899,1670256759,0.0
11900,1670256760,0.0
11901,1670256761,0.0
11902,1670256762,0.0
11903,1670256763,0.0
11904,1670256764,0.0
11905,1670256765,0.0
11906,1670256766,0.0
11907,1670256767,0.0
11908,1670256768,0.9802966
11909,1670256769,0.0197034
11910,1670256770,0.0
11911,1670256771,0.0
11912,1670256772,0.0
11913,1670256773,0.0
11914,1670256774,0.0
11915,1670256775,
11916,1670256776,0.0
11917,1670256777,0.0
11918,1670256778,0.0
11919,1670256779,0.0
11920,1670256780,0.0
11921,1670256781,0.0
11922,1670256782,0.0
11923,1670256783,0.0
11924,1670256784,0.0
11925,1670256785,0.0
11926,1670256786,0.0
11927,1670256787,0.0
11928,1670256788,0.0
11929,1670256789,0.0
11930,1670256790,0.0
11931,1670256791,0.0
11932,1670256792,0.0
11933,1670256793,0.0
11934,1670256794,0.0
11935,1670256795,0.0
11936,1670256796,0.0
11937,1670256797,0.0
11938,1670256798,0.0
11939,1670256799,0.0
11940,1670256800,0.0
11941,1670256801,0.0
11942,1670256802,0.0
11943,1670256803,0.0
11944,1670256804,0.0
11945,1670256805,0.0
11946,1670256806,0.0
11947,1670256807,0.9808595
11948,1670256808,0.019140499999999998
11949,1670256809,0.0
11950,1670256810,0.0
11951,1670256811,0.0
11952,1670256812,0.0
11953,1670256813,0.0
11954,1670256814,0.0
11955,1670256815,0.0
11956,1670256816,0.0
11957,1670256817,0.0
11958,1670256818,0.0
11959,1670256819,0.0
11960,1670256820,0.0
11961,1670256821,0.0
11962,1670256822,0.0
11963,1670256823,0.0
11964,1670256824,0.0
11965,1670256825,0.0
11966,1670256826,0.0
11967,1670256827,0.0
11968,1670256828,0.0
11969,1670256829,0.0
11970,1670256830,0.0
11971,1670256831,0.0
11972,1670256832,0.0
11973,1670256833,0.0
11974,1670256834,0.0
11975,1670256835,0.0
11976,1670256836,0.0
11977,1670256837,0.0
11978,1670256838,0.0
11979,1670256839,0.0
11980,1670256840,0.0
11981,1670256841,0.0
11982,1670256842,0.0
11983,1670256843,0.0
11984,1670256844,0.0
11985,1670256845,0.0
11986,1670256846,0.0
11987,1670256847,0.0
11988,1670256848,0.0
11989,1670256849,0.0
11990,1670256850,0.0
11991,1670256851,0.0
11992,1670256852,0.0
11993,1670256853,0.0
11994,1670256854,0.0
11995,1670256855,0.0
11996,1670256856,0.0
11997,1670256857,0.0
11998,1670256858,0.0
11999,1670256859,0.0
12000,1670256860,0.0
12001,1670256861,0.0
12002,1670256862,0.0
12003,1670256863,0.0
12004,1670256864,0.0
12005,1670256865,0.0
12006,1670256866,0.0
12007,1670256867,0.0
12008,1670256868,0.0
12009,1670256869,0.0
12010,1670256870,0.0
12011,1670256871,0.0
12012,1670256872,0.0
12013,1670256873,0.0
12014,1670256874,0.0
12015,1670256875,0.0
12016,1670256876,0.0
12017,1670256877,0.0
12018,1670256878,0.0
12019,1670256879,0.0
12020,1670256880,0.0
12021,1670256881,0.0
12022,1670256882,0.0
12023,1670256883,0.0
12024,1670256884,0.0
12025,1670256885,0.0
12026,1670256886,0.0
12027,1670256887,0.0
12028,1670256888,0.0
12029,1670256889,0.0
12030,1670256890,0.0
12031,1670256891,0.0
12032,1670256892,0.0
12033,1670256893,0.0
12034,1670256894,0.0
12035,1670256895,0.0
12036,1670256896,0.0
12037,1670256897,0.0
12038,1670256898,0.0
12039,1670256899,0.0
12040,1670256900,0.0
12041,1670256901,0.0
12042,1670256902,0.0
12043,1670256903,0.0
12044,1670256904,0.0
12045,1670256905,0.0
12046,1670256906,0.0
12047,1670256907,0.0
12048,1670256908,0.0
12049,1670256909,0.0
12050,1670256910,0.0
12051,1670256911,0.0
12052,1670256912,0.0
12053,1670256913,0.0
12054,1670256914,0.0
12055,1670256915,0.9793995
12056,1670256916,0.0206005
12057,1670256917,0.0
12058,1670256918,0.0
12059,1670256919,0.0
12060,1670256920,0.0
12061,1670256921,0.0
12062,1670256922,0.0
12063,1670256923,0.0
12064,1670256924,0.0
12065,1670256925,0.0
12066,1670256926,0.0
12067,1670256927,0.0
12068,1670256928,0.0
12069,1670256929,0.0
12070,1670256930,0.0
12071,1670256931,0.0
12072,1670256932,0.0
12073,1670256933,0.0
12074,1670256934,0.0
12075,1670256935,0.0
12076,1670256936,0.0
12077,1670256937,0.0
12078,1670256938,0.0
12079,1670256939,0.0
12080,1670256940,0.0
12081,1670256941,0.0
12082,1670256942,0.0
12083,1670256943,0.0
12084,1670256944,0.0
12085,1670256945,0.0
12086,1670256946,0.0
12087,1670256947,0.0
12088,1670256948,0.0
12089,1670256949,0.0
12090,1670256950,0.0
12091,1670256951,0.0
12092,1670256952,0.0
12093,1670256953,0.0
12094,1670256954,0.0
12095,1670256955,0.0
12096,1670256956,0.0
12097,1670256957,0.0
12098,1670256958,0.0
12099,1670256959,0.0
12100,1670256960,0.0
12101,1670256961,0.0
12102,1670256962,0.0
12103,1670256963,0.0
12104,1670256964,0.0
12105,1670256965,0.0
12106,1670256966,0.0
12107,1670256967,0.0
12108,1670256968,0.0
12109,1670256969,0.0
12110,1670256970,0.0
12111,1670256971,0.0
12112,1670256972,0.0
12113,1670256973,0.0
12114,1670256974,0.0
12115,1670256975,0.0
12116,1670256976,0.0
12117,1670256977,0.0
12118,1670256978,0.0
12119,1670256979,0.0
12120,1670256980,0.0
12121,1670256981,0.0
12122,1670256982,0.0
12123,1670256983,0.0
12124,1670256984,0.0
12125,1670256985,0.0
12126,1670256986,0.0
12127,1670256987,0.0
12128,1670256988,0.0
12129,1670256989,0.0
12130,1670256990,0.0
12131,1670256991,0.0
12132,1670256992,0.0
12133,1670256993,0.0
12134,1670256994,0.0
12135,1670256995,0.0
12136,1670256996,0.0
12137,1670256997,0.0
12138,1670256998,0.0
12139,1670256999,0.0
12140,1670257000,0.0
12141,1670257001,0.0
12142,1670257002,0.0
12143,1670257003,0.0
12144,1670257004,0.0
12145,1670257005,0.0
12146,1670257006,0.0
12147,1670257007,0.0
12148,1670257008,0.0
12149,1670257009,0.0
12150,1670257010,0.0
12151,1670257011,0.0
12152,1670257012,0.0
12153,1670257013,0.0
12154,1670257014,0.0
12155,1670257015,0.0
12156,1670257016,0.0
12157,1670257017,0.0
12158,1670257018,0.0
12159,1670257019,0.0
12160,1670257020,0.0
12161,1670257021,0.0
12162,1670257022,0.0
12163,1670257023,0.0
12164,1670257024,0.0
12165,1670257025,0.0
12166,1670257026,0.0
12167,1670257027,0.0
12168,1670257028,0.0
12169,1670257029,0.0
12170,1670257030,0.0
12171,1670257031,0.0
12172,1670257032,0.0
12173,1670257033,0.0
12174,1670257034,0.0
12175,1670257035,0.0
12176,1670257036,0.0
12177,1670257037,0.0
12178,1670257038,0.0
12179,1670257039,0.0
12180,1670257040,0.0
12181,1670257041,0.0
12182,1670257042,0.0
12183,1670257043,0.0
12184,1670257044,0.0
12185,1670257045,0.0
12186,1670257046,0.0
12187,1670257047,0.0
12188,1670257048,0.0
12189,1670257049,0.0
12190,1670257050,0.0
12191,1670257051,0.0
12192,1670257052,0.0
12193,1670257053,0.0
12194,1670257054,0.0
12195,1670257055,0.0
12196,1670257056,0.0
12197,1670257057,0.0
12198,1670257058,0.0
12199,1670257059,0.0
12200,1670257060,0.0
12201,1670257061,0.0
12202,1670257062,0.0
12203,1670257063,0.0
12204,1670257064,0.0
12205,1670257065,0.0
12206,1670257066,0.0
12207,1670257067,0.0
12208,1670257068,0.0
12209,1670257069,0.0
12210,1670257070,0.0
12211,1670257071,0.0
12212,1670257072,0.0
12213,1670257073,0.0
12214,1670257074,0.0
12215,1670257075,0.0
12216,1670257076,0.0
12217,1670257077,0.0
12218,1670257078,0.0
12219,1670257079,0.0
12220,1670257080,0.0
12221,1670257081,0.0
12222,1670257082,0.0
12223,1670257083,0.0
12224,1670257084,0.0
12225,1670257085,0.0
12226,1670257086,0.0
12227,1670257087,0.0
12228,1670257088,0.0
12229,1670257089,0.0
12230,1670257090,0.0
12231,1670257091,0.0
12232,1670257092,0.0
12233,1670257093,0.0
12234,1670257094,0.0
12235,1670257095,0.0
12236,1670257096,0.0
12237,1670257097,0.0
12238,1670257098,0.0
12239,1670257099,0.0
12240,1670257100,0.0
12241,1670257101,0.0
12242,1670257102,0.0
12243,1670257103,0.0
12244,1670257104,0.0
12245,1670257105,0.0
12246,1670257106,0.0
12247,1670257107,0.0
12248,1670257108,0.0
12249,1670257109,0.0
12250,1670257110,0.0
12251,1670257111,0.0
12252,1670257112,0.0
12253,1670257113,0.0
12254,1670257114,0.0
12255,1670257115,0.0
12256,1670257116,0.0
12257,1670257117,0.0
12258,1670257118,0.0
12259,1670257119,0.0
12260,1670257120,0.0
12261,1670257121,0.0
12262,1670257122,0.0
12263,1670257123,0.0
12264,1670257124,0.0
12265,1670257125,0.0
12266,1670257126,0.0
12267,1670257127,0.0
12268,1670257128,0.0
12269,1670257129,0.0
12270,1670257130,0.9799639
12271,1670257131,0.020036099999999998
12272,1670257132,0.0
12273,1670257133,0.0
12274,1670257134,0.0
12275,1670257135,0.0
12276,1670257136,0.0
12277,1670257137,0.0
12278,1670257138,0.0
12279,1670257139,0.0
12280,1670257140,0.0
12281,1670257141,0.0
12282,1670257142,0.0
12283,1670257143,0.0
12284,1670257144,0.0
12285,1670257145,0.0
12286,1670257146,0.0
12287,1670257147,0.0
12288,1670257148,0.0
12289,1670257149,0.0
12290,1670257150,0.0
12291,1670257151,0.0
12292,1670257152,0.0
12293,1670257153,0.0
12294,1670257154,0.0
12295,1670257155,0.0
12296,1670257156,0.0
12297,1670257157,0.0
12298,1670257158,0.0
12299,1670257159,0.0
12300,1670257160,0.0
12301,1670257161,0.0
12302,1670257162,0.0
12303,1670257163,0.0
12304,1670257164,0.0
12305,1670257165,0.0
12306,1670257166,
12307,1670257167,0.3334106
12308,1670257168,0.3334106
12309,1670257169,0.0062131
12310,1670257170,0.0
12311,1670257171,0.0
12312,1670257172,0.0
12313,1670257173,0.0
12314,1670257174,0.0
12315,1670257175,0.0
12316,1670257176,0.0
12317,1670257177,0.0
12318,1670257178,0.0
12319,1670257179,0.0
12320,1670257180,0.0
12321,1670257181,0.0
12322,1670257182,0.0
12323,1670257183,0.0
12324,1670257184,0.0
12325,1670257185,0.0
12326,1670257186,0.0
12327,1670257187,0.0
12328,1670257188,0.0
12329,1670257189,0.0
12330,1670257190,0.0
12331,1670257191,0.0
12332,1670257192,0.0
12333,1670257193,0.0
12334,1670257194,0.0
12335,1670257195,0.0
12336,1670257196,0.0
12337,1670257197,0.0
12338,1670257198,0.0
12339,1670257199,0.0
12340,1670257200,0.0
12341,1670257201,0.0
12342,1670257202,0.0
12343,1670257203,0.0
12344,1670257204,0.9809732
12345,1670257205,0.0190268
12346,1670257206,0.0
12347,1670257207,0.0
12348,1670257208,0.0
12349,1670257209,0.0
12350,1670257210,0.0
12351,1670257211,0.0
12352,1670257212,0.0
12353,1670257213,0.0
12354,1670257214,0.0
12355,1670257215,0.0
12356,1670257216,0.0
12357,1670257217,0.0
12358,1670257218,0.0
12359,1670257219,0.0
12360,1670257220,0.0
12361,1670257221,0.0
12362,1670257222,0.0
12363,1670257223,0.0
12364,1670257224,0.0
12365,1670257225,0.0
12366,1670257226,0.0
12367,1670257227,0.0
12368,1670257228,0.0
12369,1670257229,0.0
12370,1670257230,0.0
12371,1670257231,0.0
12372,1670257232,0.0
12373,1670257233,0.0
12374,1670257234,0.0
12375,1670257235,0.0
12376,1670257236,0.0
12377,1670257237,0.0
12378,1670257238,0.0
12379,1670257239,0.0
12380,1670257240,0.0
12381,1670257241,0.0
12382,1670257242,0.0
12383,1670257243,0.0
12384,1670257244,0.0
12385,1670257245,0.0
12386,1670257246,0.0
12387,1670257247,0.0
12388,1670257248,0.0
12389,1670257249,0.0
12390,1670257250,0.0
12391,1670257251,0.0
12392,1670257252,0.0
12393,1670257253,0.0
12394,1670257254,0.0
12395,1670257255,0.0
12396,1670257256,0.0
12397,1670257257,0.0
12398,1670257258,0.0
12399,1670257259,0.0
12400,1670257260,0.49034429999999996
12401,1670257261,0.5000743
12402,1670257262,0.0095814
12403,1670257263,0.0
12404,1670257264,0.0
12405,1670257265,0.0
12406,1670257266,0.0
12407,1670257267,0.0
12408,1670257268,0.0
12409,1670257269,0.0
12410,1670257270,0.0
12411,1670257271,0.0
12412,1670257272,0.0
12413,1670257273,0.0
12414,1670257274,0.0
12415,1670257275,0.0
12416,1670257276,0.0
12417,1670257277,0.0
12418,1670257278,0.0
12419,1670257279,0.0
12420,1670257280,0.0
12421,1670257281,0.0
12422,1670257282,0.0
12423,1670257283,0.0
12424,1670257284,0.0
12425,1670257285,0.0
12426,1670257286,0.0
12427,1670257287,0.0
12428,1670257288,0.0
12429,1670257289,0.0
12430,1670257290,0.0
12431,1670257291,0.0
12432,1670257292,0.0
12433,1670257293,0.0
12434,1670257294,0.0
12435,1670257295,0.0
12436,1670257296,0.0
12437,1670257297,0.0
12438,1670257298,0.0
12439,1670257299,0.0
12440,1670257300,0.0
12441,1670257301,0.0
12442,1670257302,0.0
12443,1670257303,0.0
12444,1670257304,0.0
12445,1670257305,0.0
12446,1670257306,0.0
12447,1670257307,0.0
12448,1670257308,0.0
12449,1670257309,0.0
12450,1670257310,0.0
12451,1670257311,0.0
12452,1670257312,0.0
12453,1670257313,0.0
12454,1670257314,0.0
12455,1670257315,0.0
12456,1670257316,0.0
12457,1670257317,0.0
12458,1670257318,0.0
12459,1670257319,0.0
12460,1670257320,0.0
12461,1670257321,0.0
12462,1670257322,0.0
12463,1670257323,0.0
12464,1670257324,0.0
12465,1670257325,0.0
12466,1670257326,0.0
12467,1670257327,0.0
12468,1670257328,0.0
12469,1670257329,0.0
12470,1670257330,0.0
12471,1670257331,0.0
12472,1670257332,0.0
12473,1670257333,0.0
12474,1670257334,0.0
12475,1670257335,0.0
12476,1670257336,0.0
12477,1670257337,0.0
12478,1670257338,0.0
12479,1670257339,0.0
12480,1670257340,0.0
12481,1670257341,0.0
12482,1670257342,0.0
12483,1670257343,0.0
12484,1670257344,0.0
12485,1670257345,0.0
12486,1670257346,0.0
12487,1670257347,0.0
12488,1670257348,0.0
12489,1670257349,0.0
12490,1670257350,0.0
12491,1670257351,0.0
12492,1670257352,0.9808049
12493,1670257353,0.0191951
12494,1670257354,0.0
12495,1670257355,0.0
12496,1670257356,0.0
12497,1670257357,0.0
12498,1670257358,0.0
12499,1670257359,0.0